FIPS,County,State,NonConsecutiveWeeks
01001,Autauga County,AL,30
01003,Baldwin County,AL,71
01005,Barbour County,AL,52
01007,Bibb County,AL,54
01009,Blount County,AL,22
01011,Bullock County,AL,27
01013,Butler County,AL,43
01015,Calhoun County,AL,26
01017,Chambers County,AL,23
01019,Cherokee County,AL,31
01021,Chilton County,AL,52
01023,Choctaw County,AL,37
01025,Clarke County,AL,52
01027,Clay County,AL,29
01029,Cleburne County,AL,26
01031,Coffee County,AL,61
01033,Colbert County,AL,39
01035,Conecuh County,AL,60
01037,Coosa County,AL,36
01039,Covington County,AL,72
01041,Crenshaw County,AL,44
01043,Cullman County,AL,26
01045,Dale County,AL,64
01047,Dallas County,AL,39
01049,DeKalb County,AL,29
01051,Elmore County,AL,23
01053,Escambia County,AL,53
01055,Etowah County,AL,24
01057,Fayette County,AL,27
01059,Franklin County,AL,34
01061,Geneva County,AL,72
01063,Greene County,AL,30
01065,Hale County,AL,33
01067,Henry County,AL,64
01069,Houston County,AL,70
01071,Jackson County,AL,46
01073,Jefferson County,AL,47
01075,Lamar County,AL,32
01077,Lauderdale County,AL,47
01079,Lawrence County,AL,41
01081,Lee County,AL,19
01083,Limestone County,AL,43
01085,Lowndes County,AL,39
01087,Macon County,AL,15
01089,Madison County,AL,39
01091,Marengo County,AL,41
01093,Marion County,AL,27
01095,Marshall County,AL,35
01097,Mobile County,AL,66
01099,Monroe County,AL,55
01101,Montgomery County,AL,31
01103,Morgan County,AL,37
01105,Perry County,AL,31
01107,Pickens County,AL,25
01109,Pike County,AL,51
01111,Randolph County,AL,22
01113,Russell County,AL,23
01115,Saint Clair County,AL,38
01117,Shelby County,AL,54
01119,Sumter County,AL,35
01121,Talladega County,AL,43
01123,Tallapoosa County,AL,24
01125,Tuscaloosa County,AL,42
01127,Walker County,AL,17
01129,Washington County,AL,38
01131,Wilcox County,AL,42
01133,Winston County,AL,21
02013,Aleutians East Borough,AK,3
02020,Anchorage Municipality,AK,28
02050,Bethel Census Area,AK,9
02060,Bristol Bay Borough,AK,3
02063,Chugach Census Area,AK,11
02066,Copper River Census Area,AK,12
02068,Denali Borough,AK,15
02070,Dillingham Census Area,AK,8
02090,Fairbanks North Star Borough,AK,11
02100,Haines Borough,AK,28
02105,Hoonah-Angoon Census Area,AK,47
02110,Juneau City and Borough,AK,38
02122,Kenai Peninsula Borough,AK,26
02130,Ketchikan Gateway Borough,AK,46
02150,Kodiak Island Borough,AK,19
02158,Kusilvak Census Area,AK,6
02164,Lake and Peninsula Borough,AK,11
02170,Matanuska-Susitna Borough,AK,28
02185,North Slope Borough,AK,3
02188,Northwest Arctic Borough,AK,14
02195,Petersburg Borough,AK,55
02198,Prince of Wales-Hyder Census Area,AK,46
02220,Sitka City and Borough,AK,36
02230,Skagway Municipality,AK,12
02240,Southeast Fairbanks Census Area,AK,9
02275,Wrangell City and Borough,AK,46
02282,Yakutat City and Borough,AK,7
02290,Yukon-Koyukuk Census Area,AK,24
04001,Apache County,AZ,227
04003,Cochise County,AZ,175
04005,Coconino County,AZ,222
04007,Gila County,AZ,145
04009,Graham County,AZ,156
04011,Greenlee County,AZ,158
04012,La Paz County,AZ,178
04013,Maricopa County,AZ,165
04015,Mohave County,AZ,213
04017,Navajo County,AZ,227
04019,Pima County,AZ,161
04021,Pinal County,AZ,143
04023,Santa Cruz County,AZ,147
04025,Yavapai County,AZ,169
04027,Yuma County,AZ,171
05001,Arkansas County,AR,57
05003,Ashley County,AR,56
05005,Baxter County,AR,35
05007,Benton County,AR,38
05009,Boone County,AR,29
05011,Bradley County,AR,57
05013,Calhoun County,AR,58
05015,Carroll County,AR,34
05017,Chicot County,AR,51
05019,Clark County,AR,63
05021,Clay County,AR,35
05023,Cleburne County,AR,27
05025,Cleveland County,AR,56
05027,Columbia County,AR,74
05029,Conway County,AR,35
05031,Craighead County,AR,20
05033,Crawford County,AR,20
05035,Crittenden County,AR,48
05037,Cross County,AR,41
05039,Dallas County,AR,67
05041,Desha County,AR,62
05043,Drew County,AR,53
05045,Faulkner County,AR,47
05047,Franklin County,AR,16
05049,Fulton County,AR,40
05051,Garland County,AR,58
05053,Grant County,AR,60
05055,Greene County,AR,28
05057,Hempstead County,AR,72
05059,Hot Spring County,AR,62
05061,Howard County,AR,68
05063,Independence County,AR,21
05065,Izard County,AR,37
05067,Jackson County,AR,24
05069,Jefferson County,AR,64
05071,Johnson County,AR,21
05073,Lafayette County,AR,77
05075,Lawrence County,AR,29
05077,Lee County,AR,45
05079,Lincoln County,AR,60
05081,Little River County,AR,69
05083,Logan County,AR,24
05085,Lonoke County,AR,54
05087,Madison County,AR,32
05089,Marion County,AR,30
05091,Miller County,AR,72
05093,Mississippi County,AR,50
05095,Monroe County,AR,52
05097,Montgomery County,AR,48
05099,Nevada County,AR,66
05101,Newton County,AR,22
05103,Ouachita County,AR,60
05105,Perry County,AR,48
05107,Phillips County,AR,62
05109,Pike County,AR,55
05111,Poinsett County,AR,32
05113,Polk County,AR,53
05115,Pope County,AR,36
05117,Prairie County,AR,47
05119,Pulaski County,AR,59
05121,Randolph County,AR,34
05123,Saint Francis County,AR,46
05125,Saline County,AR,61
05127,Scott County,AR,54
05129,Searcy County,AR,25
05131,Sebastian County,AR,40
05133,Sevier County,AR,70
05135,Sharp County,AR,35
05137,Stone County,AR,29
05139,Union County,AR,65
05141,Van Buren County,AR,31
05143,Washington County,AR,27
05145,White County,AR,40
05147,Woodruff County,AR,45
05149,Yell County,AR,53
06001,Alameda County,CA,161
06003,Alpine County,CA,157
06005,Amador County,CA,157
06007,Butte County,CA,165
06009,Calaveras County,CA,157
06011,Colusa County,CA,165
06013,Contra Costa County,CA,157
06015,Del Norte County,CA,168
06017,El Dorado County,CA,159
06019,Fresno County,CA,163
06021,Glenn County,CA,165
06023,Humboldt County,CA,165
06025,Imperial County,CA,159
06027,Inyo County,CA,191
06029,Kern County,CA,138
06031,Kings County,CA,131
06033,Lake County,CA,165
06035,Lassen County,CA,170
06037,Los Angeles County,CA,127
06039,Madera County,CA,163
06041,Marin County,CA,160
06043,Mariposa County,CA,159
06045,Mendocino County,CA,163
06047,Merced County,CA,163
06049,Modoc County,CA,179
06051,Mono County,CA,159
06053,Monterey County,CA,114
06055,Napa County,CA,165
06057,Nevada County,CA,165
06059,Orange County,CA,124
06061,Placer County,CA,165
06063,Plumas County,CA,165
06065,Riverside County,CA,179
06067,Sacramento County,CA,165
06069,San Benito County,CA,141
06071,San Bernardino County,CA,181
06073,San Diego County,CA,142
06075,San Francisco County,CA,160
06077,San Joaquin County,CA,161
06079,San Luis Obispo County,CA,127
06081,San Mateo County,CA,160
06083,Santa Barbara County,CA,119
06085,Santa Clara County,CA,160
06087,Santa Cruz County,CA,160
06089,Shasta County,CA,169
06091,Sierra County,CA,163
06093,Siskiyou County,CA,179
06095,Solano County,CA,161
06097,Sonoma County,CA,163
06099,Stanislaus County,CA,161
06101,Sutter County,CA,165
06103,Tehama County,CA,165
06105,Trinity County,CA,175
06107,Tulare County,CA,164
06109,Tuolumne County,CA,159
06111,Ventura County,CA,123
06113,Yolo County,CA,165
06115,Yuba County,CA,165
08001,Adams County,CO,136
08003,Alamosa County,CO,170
08005,Arapahoe County,CO,141
08007,Archuleta County,CO,199
08009,Baca County,CO,176
08011,Bent County,CO,169
08013,Boulder County,CO,100
08014,Broomfield County,CO,92
08015,Chaffee County,CO,149
08017,Cheyenne County,CO,173
08019,Clear Creek County,CO,103
08021,Conejos County,CO,184
08023,Costilla County,CO,185
08025,Crowley County,CO,182
08027,Custer County,CO,160
08029,Delta County,CO,192
08031,Denver County,CO,108
08033,Dolores County,CO,206
08035,Douglas County,CO,131
08037,Eagle County,CO,150
08039,Elbert County,CO,159
08041,El Paso County,CO,165
08043,Fremont County,CO,159
08045,Garfield County,CO,188
08047,Gilpin County,CO,82
08049,Grand County,CO,119
08051,Gunnison County,CO,193
08053,Hinsdale County,CO,191
08055,Huerfano County,CO,179
08057,Jackson County,CO,139
08059,Jefferson County,CO,122
08061,Kiowa County,CO,183
08063,Kit Carson County,CO,154
08065,Lake County,CO,142
08067,La Plata County,CO,203
08069,Larimer County,CO,130
08071,Las Animas County,CO,209
08073,Lincoln County,CO,183
08075,Logan County,CO,150
08077,Mesa County,CO,194
08079,Mineral County,CO,171
08081,Moffat County,CO,172
08083,Montezuma County,CO,217
08085,Montrose County,CO,196
08087,Morgan County,CO,137
08089,Otero County,CO,170
08091,Ouray County,CO,195
08093,Park County,CO,132
08095,Phillips County,CO,146
08097,Pitkin County,CO,163
08099,Prowers County,CO,169
08101,Pueblo County,CO,187
08103,Rio Blanco County,CO,188
08105,Rio Grande County,CO,172
08107,Routt County,CO,151
08109,Saguache County,CO,198
08111,San Juan County,CO,162
08113,San Miguel County,CO,206
08115,Sedgwick County,CO,136
08117,Summit County,CO,122
08119,Teller County,CO,111
08121,Washington County,CO,154
08123,Weld County,CO,142
08125,Yuma County,CO,158
09001,Fairfield County,CT,29
09003,Hartford County,CT,41
09005,Litchfield County,CT,47
09007,Middlesex County,CT,32
09009,New Haven County,CT,27
09011,New London County,CT,41
09013,Tolland County,CT,41
09015,Windham County,CT,38
10001,Kent County,DE,7
10003,New Castle County,DE,17
10005,Sussex County,DE,18
11001,District of Columbia,DC,18
12001,Alachua County,FL,44
12003,Baker County,FL,41
12005,Bay County,FL,63
12007,Bradford County,FL,35
12009,Brevard County,FL,38
12011,Broward County,FL,43
12013,Calhoun County,FL,62
12015,Charlotte County,FL,61
12017,Citrus County,FL,34
12019,Clay County,FL,36
12021,Collier County,FL,79
12023,Columbia County,FL,52
12027,DeSoto County,FL,41
12029,Dixie County,FL,44
12031,Duval County,FL,40
12033,Escambia County,FL,70
12035,Flagler County,FL,23
12037,Franklin County,FL,60
12039,Gadsden County,FL,70
12041,Gilchrist County,FL,43
12043,Glades County,FL,40
12045,Gulf County,FL,46
12047,Hamilton County,FL,46
12049,Hardee County,FL,40
12051,Hendry County,FL,54
12053,Hernando County,FL,30
12055,Highlands County,FL,37
12057,Hillsborough County,FL,57
12059,Holmes County,FL,75
12061,Indian River County,FL,37
12063,Jackson County,FL,71
12065,Jefferson County,FL,69
12067,Lafayette County,FL,43
12069,Lake County,FL,28
12071,Lee County,FL,61
12073,Leon County,FL,70
12075,Levy County,FL,49
12077,Liberty County,FL,69
12079,Madison County,FL,47
12081,Manatee County,FL,60
12083,Marion County,FL,36
12085,Martin County,FL,42
12086,Miami-Dade County,FL,41
12087,Monroe County,FL,48
12089,Nassau County,FL,40
12091,Okaloosa County,FL,76
12093,Okeechobee County,FL,34
12095,Orange County,FL,29
12097,Osceola County,FL,41
12099,Palm Beach County,FL,51
12101,Pasco County,FL,52
12103,Pinellas County,FL,54
12105,Polk County,FL,50
12107,Putnam County,FL,29
12109,Saint Johns County,FL,19
12111,Saint Lucie County,FL,33
12113,Santa Rosa County,FL,71
12115,Sarasota County,FL,60
12117,Seminole County,FL,21
12119,Sumter County,FL,29
12121,Suwannee County,FL,45
12123,Taylor County,FL,73
12125,Union County,FL,44
12127,Volusia County,FL,23
12129,Wakulla County,FL,56
12131,Walton County,FL,78
12133,Washington County,FL,62
13001,Appling County,GA,33
13003,Atkinson County,GA,43
13005,Bacon County,GA,32
13007,Baker County,GA,66
13009,Baldwin County,GA,29
13011,Banks County,GA,35
13013,Barrow County,GA,35
13015,Bartow County,GA,37
13017,Ben Hill County,GA,49
13019,Berrien County,GA,54
13021,Bibb County,GA,30
13023,Bleckley County,GA,46
13025,Brantley County,GA,30
13027,Brooks County,GA,46
13029,Bryan County,GA,58
13031,Bulloch County,GA,58
13033,Burke County,GA,56
13035,Butts County,GA,28
13037,Calhoun County,GA,47
13039,Camden County,GA,37
13043,Candler County,GA,38
13045,Carroll County,GA,22
13047,Catoosa County,GA,27
13049,Charlton County,GA,40
13051,Chatham County,GA,55
13053,Chattahoochee County,GA,19
13055,Chattooga County,GA,31
13057,Cherokee County,GA,34
13059,Clarke County,GA,37
13061,Clay County,GA,45
13063,Clayton County,GA,37
13065,Clinch County,GA,53
13067,Cobb County,GA,36
13069,Coffee County,GA,45
13071,Colquitt County,GA,57
13073,Columbia County,GA,21
13075,Cook County,GA,45
13077,Coweta County,GA,35
13079,Crawford County,GA,26
13081,Crisp County,GA,38
13083,Dade County,GA,35
13085,Dawson County,GA,37
13087,Decatur County,GA,62
13089,DeKalb County,GA,35
13091,Dodge County,GA,44
13093,Dooly County,GA,39
13095,Dougherty County,GA,41
13097,Douglas County,GA,35
13099,Early County,GA,68
13101,Echols County,GA,46
13103,Effingham County,GA,63
13105,Elbert County,GA,46
13107,Emanuel County,GA,38
13109,Evans County,GA,47
13111,Fannin County,GA,31
13113,Fayette County,GA,33
13115,Floyd County,GA,37
13117,Forsyth County,GA,34
13119,Franklin County,GA,40
13121,Fulton County,GA,38
13123,Gilmer County,GA,31
13125,Glascock County,GA,20
13127,Glynn County,GA,43
13129,Gordon County,GA,32
13131,Grady County,GA,63
13133,Greene County,GA,39
13135,Gwinnett County,GA,37
13137,Habersham County,GA,33
13139,Hall County,GA,37
13141,Hancock County,GA,32
13143,Haralson County,GA,22
13145,Harris County,GA,11
13147,Hart County,GA,40
13149,Heard County,GA,16
13151,Henry County,GA,34
13153,Houston County,GA,41
13155,Irwin County,GA,54
13157,Jackson County,GA,37
13159,Jasper County,GA,28
13161,Jeff Davis County,GA,32
13163,Jefferson County,GA,36
13165,Jenkins County,GA,46
13167,Johnson County,GA,42
13169,Jones County,GA,25
13171,Lamar County,GA,24
13173,Lanier County,GA,43
13175,Laurens County,GA,41
13177,Lee County,GA,42
13179,Liberty County,GA,52
13181,Lincoln County,GA,42
13183,Long County,GA,50
13185,Lowndes County,GA,36
13187,Lumpkin County,GA,35
13189,McDuffie County,GA,24
13191,McIntosh County,GA,42
13193,Macon County,GA,28
13195,Madison County,GA,39
13197,Marion County,GA,21
13199,Meriwether County,GA,22
13201,Miller County,GA,42
13205,Mitchell County,GA,63
13207,Monroe County,GA,27
13209,Montgomery County,GA,33
13211,Morgan County,GA,39
13213,Murray County,GA,31
13215,Muscogee County,GA,12
13217,Newton County,GA,32
13219,Oconee County,GA,41
13221,Oglethorpe County,GA,45
13223,Paulding County,GA,34
13225,Peach County,GA,30
13227,Pickens County,GA,31
13229,Pierce County,GA,28
13231,Pike County,GA,21
13233,Polk County,GA,32
13235,Pulaski County,GA,36
13237,Putnam County,GA,25
13239,Quitman County,GA,38
13241,Rabun County,GA,30
13243,Randolph County,GA,57
13245,Richmond County,GA,16
13247,Rockdale County,GA,34
13249,Schley County,GA,12
13251,Screven County,GA,60
13253,Seminole County,GA,51
13255,Spalding County,GA,31
13257,Stephens County,GA,29
13259,Stewart County,GA,28
13261,Sumter County,GA,31
13263,Talbot County,GA,16
13265,Taliaferro County,GA,31
13267,Tattnall County,GA,47
13269,Taylor County,GA,19
13271,Telfair County,GA,33
13273,Terrell County,GA,45
13275,Thomas County,GA,56
13277,Tift County,GA,51
13279,Toombs County,GA,39
13281,Towns County,GA,28
13283,Treutlen County,GA,27
13285,Troup County,GA,15
13287,Turner County,GA,44
13289,Twiggs County,GA,43
13291,Union County,GA,28
13293,Upson County,GA,21
13295,Walker County,GA,30
13297,Walton County,GA,37
13299,Ware County,GA,45
13301,Warren County,GA,28
13303,Washington County,GA,37
13305,Wayne County,GA,42
13307,Webster County,GA,30
13309,Wheeler County,GA,30
13311,White County,GA,31
13313,Whitfield County,GA,29
13315,Wilcox County,GA,41
13317,Wilkes County,GA,46
13319,Wilkinson County,GA,35
13321,Worth County,GA,48
15001,Hawaii County,HI,228
15003,Honolulu County,HI,164
15005,Kalawao County,HI,149
15007,Kauai County,HI,140
15009,Maui County,HI,232
16001,Ada County,ID,112
16003,Adams County,ID,150
16005,Bannock County,ID,137
16007,Bear Lake County,ID,150
16009,Benewah County,ID,100
16011,Bingham County,ID,100
16013,Blaine County,ID,172
16015,Boise County,ID,123
16017,Bonner County,ID,132
16019,Bonneville County,ID,112
16021,Boundary County,ID,125
16023,Butte County,ID,170
16025,Camas County,ID,172
16027,Canyon County,ID,118
16029,Caribou County,ID,138
16031,Cassia County,ID,145
16033,Clark County,ID,145
16035,Clearwater County,ID,106
16037,Custer County,ID,177
16039,Elmore County,ID,150
16041,Franklin County,ID,146
16043,Fremont County,ID,128
16045,Gem County,ID,117
16047,Gooding County,ID,162
16049,Idaho County,ID,136
16051,Jefferson County,ID,102
16053,Jerome County,ID,161
16055,Kootenai County,ID,118
16057,Latah County,ID,112
16059,Lemhi County,ID,156
16061,Lewis County,ID,118
16063,Lincoln County,ID,162
16065,Madison County,ID,91
16067,Minidoka County,ID,146
16069,Nez Perce County,ID,127
16071,Oneida County,ID,150
16073,Owyhee County,ID,162
16075,Payette County,ID,126
16077,Power County,ID,128
16079,Shoshone County,ID,110
16081,Teton County,ID,105
16083,Twin Falls County,ID,133
16085,Valley County,ID,129
16087,Washington County,ID,174
17001,Adams County,IL,42
17003,Alexander County,IL,38
17005,Bond County,IL,22
17007,Boone County,IL,73
17009,Brown County,IL,40
17011,Bureau County,IL,33
17013,Calhoun County,IL,34
17015,Carroll County,IL,59
17017,Cass County,IL,38
17019,Champaign County,IL,62
17021,Christian County,IL,38
17023,Clark County,IL,43
17025,Clay County,IL,27
17027,Clinton County,IL,27
17029,Coles County,IL,38
17031,Cook County,IL,70
17033,Crawford County,IL,38
17035,Cumberland County,IL,30
17037,DeKalb County,IL,79
17039,De Witt County,IL,56
17041,Douglas County,IL,43
17043,DuPage County,IL,39
17045,Edgar County,IL,53
17047,Edwards County,IL,24
17049,Effingham County,IL,38
17051,Fayette County,IL,32
17053,Ford County,IL,53
17055,Franklin County,IL,33
17057,Fulton County,IL,43
17059,Gallatin County,IL,36
17061,Greene County,IL,26
17063,Grundy County,IL,30
17065,Hamilton County,IL,37
17067,Hancock County,IL,51
17069,Hardin County,IL,28
17071,Henderson County,IL,55
17073,Henry County,IL,32
17075,Iroquois County,IL,56
17077,Jackson County,IL,30
17079,Jasper County,IL,33
17081,Jefferson County,IL,35
17083,Jersey County,IL,22
17085,Jo Daviess County,IL,69
17087,Johnson County,IL,31
17089,Kane County,IL,82
17091,Kankakee County,IL,36
17093,Kendall County,IL,36
17095,Knox County,IL,38
17097,Lake County,IL,74
17099,La Salle County,IL,42
17101,Lawrence County,IL,36
17103,Lee County,IL,75
17105,Livingston County,IL,40
17107,Logan County,IL,47
17109,McDonough County,IL,45
17111,McHenry County,IL,79
17113,McLean County,IL,63
17115,Macon County,IL,46
17117,Macoupin County,IL,30
17119,Madison County,IL,24
17121,Marion County,IL,28
17123,Marshall County,IL,28
17125,Mason County,IL,53
17127,Massac County,IL,40
17129,Menard County,IL,44
17131,Mercer County,IL,47
17133,Monroe County,IL,23
17135,Montgomery County,IL,35
17137,Morgan County,IL,37
17139,Moultrie County,IL,38
17141,Ogle County,IL,74
17143,Peoria County,IL,30
17145,Perry County,IL,33
17147,Piatt County,IL,45
17149,Pike County,IL,40
17151,Pope County,IL,31
17153,Pulaski County,IL,34
17155,Putnam County,IL,24
17157,Randolph County,IL,35
17159,Richland County,IL,26
17161,Rock Island County,IL,54
17163,Saint Clair County,IL,29
17165,Saline County,IL,29
17167,Sangamon County,IL,46
17169,Schuyler County,IL,37
17171,Scott County,IL,32
17173,Shelby County,IL,38
17175,Stark County,IL,26
17177,Stephenson County,IL,67
17179,Tazewell County,IL,39
17181,Union County,IL,32
17183,Vermilion County,IL,71
17185,Wabash County,IL,36
17187,Warren County,IL,46
17189,Washington County,IL,32
17191,Wayne County,IL,30
17193,White County,IL,38
17195,Whiteside County,IL,57
17197,Will County,IL,56
17199,Williamson County,IL,28
17201,Winnebago County,IL,69
17203,Woodford County,IL,32
18001,Adams County,IN,25
18003,Allen County,IN,34
18005,Bartholomew County,IN,33
18007,Benton County,IN,62
18009,Blackford County,IN,33
18011,Boone County,IN,37
18013,Brown County,IN,37
18015,Carroll County,IN,65
18017,Cass County,IN,65
18019,Clark County,IN,27
18021,Clay County,IN,42
18023,Clinton County,IN,36
18025,Crawford County,IN,30
18027,Daviess County,IN,40
18029,Dearborn County,IN,31
18031,Decatur County,IN,35
18033,DeKalb County,IN,36
18035,Delaware County,IN,41
18037,Dubois County,IN,33
18039,Elkhart County,IN,43
18041,Fayette County,IN,33
18043,Floyd County,IN,23
18045,Fountain County,IN,46
18047,Franklin County,IN,36
18049,Fulton County,IN,68
18051,Gibson County,IN,36
18053,Grant County,IN,32
18055,Greene County,IN,36
18057,Hamilton County,IN,42
18059,Hancock County,IN,33
18061,Harrison County,IN,29
18063,Hendricks County,IN,43
18065,Henry County,IN,38
18067,Howard County,IN,34
18069,Huntington County,IN,27
18071,Jackson County,IN,35
18073,Jasper County,IN,55
18075,Jay County,IN,33
18077,Jefferson County,IN,37
18079,Jennings County,IN,36
18081,Johnson County,IN,41
18083,Knox County,IN,39
18085,Kosciusko County,IN,48
18087,LaGrange County,IN,43
18089,Lake County,IN,34
18091,LaPorte County,IN,39
18093,Lawrence County,IN,35
18095,Madison County,IN,36
18097,Marion County,IN,40
18099,Marshall County,IN,64
18101,Martin County,IN,36
18103,Miami County,IN,43
18105,Monroe County,IN,36
18107,Montgomery County,IN,40
18109,Morgan County,IN,45
18111,Newton County,IN,49
18113,Noble County,IN,33
18115,Ohio County,IN,28
18117,Orange County,IN,32
18119,Owen County,IN,45
18121,Parke County,IN,47
18123,Perry County,IN,25
18125,Pike County,IN,35
18127,Porter County,IN,37
18129,Posey County,IN,39
18131,Pulaski County,IN,67
18133,Putnam County,IN,46
18135,Randolph County,IN,31
18137,Ripley County,IN,34
18139,Rush County,IN,34
18141,Saint Joseph County,IN,40
18143,Scott County,IN,37
18145,Shelby County,IN,37
18147,Spencer County,IN,26
18149,Starke County,IN,58
18151,Steuben County,IN,52
18153,Sullivan County,IN,39
18155,Switzerland County,IN,31
18157,Tippecanoe County,IN,63
18159,Tipton County,IN,37
18161,Union County,IN,37
18163,Vanderburgh County,IN,32
18165,Vermillion County,IN,50
18167,Vigo County,IN,46
18169,Wabash County,IN,25
18171,Warren County,IN,63
18173,Warrick County,IN,29
18175,Washington County,IN,36
18177,Wayne County,IN,38
18179,Wells County,IN,23
18181,White County,IN,70
18183,Whitley County,IN,33
19001,Adair County,IA,116
19003,Adams County,IA,103
19005,Allamakee County,IA,58
19007,Appanoose County,IA,56
19009,Audubon County,IA,123
19011,Benton County,IA,108
19013,Black Hawk County,IA,104
19015,Boone County,IA,130
19017,Bremer County,IA,67
19019,Buchanan County,IA,89
19021,Buena Vista County,IA,172
19023,Butler County,IA,102
19025,Calhoun County,IA,165
19027,Carroll County,IA,133
19029,Cass County,IA,110
19031,Cedar County,IA,89
19033,Cerro Gordo County,IA,111
19035,Cherokee County,IA,172
19037,Chickasaw County,IA,77
19039,Clarke County,IA,55
19041,Clay County,IA,147
19043,Clayton County,IA,88
19045,Clinton County,IA,70
19047,Crawford County,IA,130
19049,Dallas County,IA,102
19051,Davis County,IA,70
19053,Decatur County,IA,54
19055,Delaware County,IA,87
19057,Des Moines County,IA,73
19059,Dickinson County,IA,104
19061,Dubuque County,IA,81
19063,Emmet County,IA,135
19065,Fayette County,IA,86
19067,Floyd County,IA,102
19069,Franklin County,IA,118
19071,Fremont County,IA,99
19073,Greene County,IA,131
19075,Grundy County,IA,118
19077,Guthrie County,IA,128
19079,Hamilton County,IA,122
19081,Hancock County,IA,151
19083,Hardin County,IA,92
19085,Harrison County,IA,133
19087,Henry County,IA,77
19089,Howard County,IA,52
19091,Humboldt County,IA,149
19093,Ida County,IA,170
19095,Iowa County,IA,114
19097,Jackson County,IA,80
19099,Jasper County,IA,95
19101,Jefferson County,IA,76
19103,Johnson County,IA,95
19105,Jones County,IA,72
19107,Keokuk County,IA,87
19109,Kossuth County,IA,175
19111,Lee County,IA,66
19113,Linn County,IA,93
19115,Louisa County,IA,75
19117,Lucas County,IA,55
19119,Lyon County,IA,134
19121,Madison County,IA,92
19123,Mahaska County,IA,94
19125,Marion County,IA,84
19127,Marshall County,IA,95
19129,Mills County,IA,113
19131,Mitchell County,IA,97
19133,Monona County,IA,140
19135,Monroe County,IA,63
19137,Montgomery County,IA,118
19139,Muscatine County,IA,70
19141,O'Brien County,IA,139
19143,Osceola County,IA,110
19145,Page County,IA,96
19147,Palo Alto County,IA,175
19149,Plymouth County,IA,163
19151,Pocahontas County,IA,162
19153,Polk County,IA,99
19155,Pottawattamie County,IA,121
19157,Poweshiek County,IA,119
19159,Ringgold County,IA,44
19161,Sac County,IA,165
19163,Scott County,IA,65
19165,Shelby County,IA,113
19167,Sioux County,IA,150
19169,Story County,IA,96
19171,Tama County,IA,120
19173,Taylor County,IA,78
19175,Union County,IA,64
19177,Van Buren County,IA,69
19179,Wapello County,IA,71
19181,Warren County,IA,74
19183,Washington County,IA,82
19185,Wayne County,IA,55
19187,Webster County,IA,145
19189,Winnebago County,IA,119
19191,Winneshiek County,IA,53
19193,Woodbury County,IA,172
19195,Worth County,IA,100
19197,Wright County,IA,143
20001,Allen County,KS,99
20003,Anderson County,KS,99
20005,Atchison County,KS,59
20007,Barber County,KS,118
20009,Barton County,KS,121
20011,Bourbon County,KS,89
20013,Brown County,KS,69
20015,Butler County,KS,109
20017,Chase County,KS,85
20019,Chautauqua County,KS,122
20021,Cherokee County,KS,94
20023,Cheyenne County,KS,175
20025,Clark County,KS,146
20027,Clay County,KS,92
20029,Cloud County,KS,84
20031,Coffey County,KS,99
20033,Comanche County,KS,125
20035,Cowley County,KS,124
20037,Crawford County,KS,91
20039,Decatur County,KS,171
20041,Dickinson County,KS,83
20043,Doniphan County,KS,56
20045,Douglas County,KS,58
20047,Edwards County,KS,116
20049,Elk County,KS,107
20051,Ellis County,KS,136
20053,Ellsworth County,KS,129
20055,Finney County,KS,200
20057,Ford County,KS,133
20059,Franklin County,KS,64
20061,Geary County,KS,60
20063,Gove County,KS,148
20065,Graham County,KS,145
20067,Grant County,KS,179
20069,Gray County,KS,169
20071,Greeley County,KS,153
20073,Greenwood County,KS,97
20075,Hamilton County,KS,176
20077,Harper County,KS,112
20079,Harvey County,KS,121
20081,Haskell County,KS,158
20083,Hodgeman County,KS,152
20085,Jackson County,KS,67
20087,Jefferson County,KS,59
20089,Jewell County,KS,126
20091,Johnson County,KS,69
20093,Kearny County,KS,181
20095,Kingman County,KS,141
20097,Kiowa County,KS,117
20099,Labette County,KS,119
20101,Lane County,KS,170
20103,Leavenworth County,KS,53
20105,Lincoln County,KS,118
20107,Linn County,KS,80
20109,Logan County,KS,162
20111,Lyon County,KS,89
20113,McPherson County,KS,133
20115,Marion County,KS,124
20117,Marshall County,KS,108
20119,Meade County,KS,142
20121,Miami County,KS,68
20123,Mitchell County,KS,129
20125,Montgomery County,KS,124
20127,Morris County,KS,80
20129,Morton County,KS,180
20131,Nemaha County,KS,94
20133,Neosho County,KS,99
20135,Ness County,KS,155
20137,Norton County,KS,143
20139,Osage County,KS,71
20141,Osborne County,KS,138
20143,Ottawa County,KS,81
20145,Pawnee County,KS,120
20147,Phillips County,KS,134
20149,Pottawatomie County,KS,66
20151,Pratt County,KS,127
20153,Rawlins County,KS,174
20155,Reno County,KS,134
20157,Republic County,KS,100
20159,Rice County,KS,120
20161,Riley County,KS,88
20163,Rooks County,KS,128
20165,Rush County,KS,119
20167,Russell County,KS,135
20169,Saline County,KS,110
20171,Scott County,KS,183
20173,Sedgwick County,KS,109
20175,Seward County,KS,143
20177,Shawnee County,KS,58
20179,Sheridan County,KS,162
20181,Sherman County,KS,180
20183,Smith County,KS,137
20185,Stafford County,KS,118
20187,Stanton County,KS,180
20189,Stevens County,KS,180
20191,Sumner County,KS,120
20193,Thomas County,KS,169
20195,Trego County,KS,141
20197,Wabaunsee County,KS,63
20199,Wallace County,KS,139
20201,Washington County,KS,101
20203,Wichita County,KS,166
20205,Wilson County,KS,98
20207,Woodson County,KS,100
20209,Wyandotte County,KS,55
21001,Adair County,KY,34
21003,Allen County,KY,24
21005,Anderson County,KY,29
21007,Ballard County,KY,35
21009,Barren County,KY,28
21011,Bath County,KY,22
21013,Bell County,KY,25
21015,Boone County,KY,27
21017,Bourbon County,KY,29
21019,Boyd County,KY,27
21021,Boyle County,KY,35
21023,Bracken County,KY,20
21025,Breathitt County,KY,22
21027,Breckinridge County,KY,34
21029,Bullitt County,KY,32
21031,Butler County,KY,30
21033,Caldwell County,KY,26
21035,Calloway County,KY,28
21037,Campbell County,KY,24
21039,Carlisle County,KY,38
21041,Carroll County,KY,24
21043,Carter County,KY,25
21045,Casey County,KY,36
21047,Christian County,KY,19
21049,Clark County,KY,31
21051,Clay County,KY,25
21053,Clinton County,KY,23
21055,Crittenden County,KY,27
21057,Cumberland County,KY,23
21059,Daviess County,KY,29
21061,Edmonson County,KY,32
21063,Elliott County,KY,21
21065,Estill County,KY,28
21067,Fayette County,KY,34
21069,Fleming County,KY,14
21071,Floyd County,KY,18
21073,Franklin County,KY,18
21075,Fulton County,KY,30
21077,Gallatin County,KY,22
21079,Garrard County,KY,35
21081,Grant County,KY,17
21083,Graves County,KY,36
21085,Grayson County,KY,37
21087,Green County,KY,36
21089,Greenup County,KY,25
21091,Hancock County,KY,25
21093,Hardin County,KY,36
21095,Harlan County,KY,34
21097,Harrison County,KY,14
21099,Hart County,KY,39
21101,Henderson County,KY,34
21103,Henry County,KY,25
21105,Hickman County,KY,32
21107,Hopkins County,KY,23
21109,Jackson County,KY,25
21111,Jefferson County,KY,28
21113,Jessamine County,KY,32
21115,Johnson County,KY,27
21117,Kenton County,KY,26
21119,Knott County,KY,19
21121,Knox County,KY,27
21123,Larue County,KY,38
21125,Laurel County,KY,26
21127,Lawrence County,KY,24
21129,Lee County,KY,26
21131,Leslie County,KY,22
21133,Letcher County,KY,28
21135,Lewis County,KY,19
21137,Lincoln County,KY,34
21139,Livingston County,KY,31
21141,Logan County,KY,22
21143,Lyon County,KY,22
21145,McCracken County,KY,36
21147,McCreary County,KY,28
21149,McLean County,KY,22
21151,Madison County,KY,35
21153,Magoffin County,KY,27
21155,Marion County,KY,38
21157,Marshall County,KY,27
21159,Martin County,KY,13
21161,Mason County,KY,15
21163,Meade County,KY,27
21165,Menifee County,KY,22
21167,Mercer County,KY,35
21169,Metcalfe County,KY,29
21171,Monroe County,KY,21
21173,Montgomery County,KY,22
21175,Morgan County,KY,28
21177,Muhlenberg County,KY,18
21179,Nelson County,KY,38
21181,Nicholas County,KY,13
21183,Ohio County,KY,32
21185,Oldham County,KY,27
21187,Owen County,KY,24
21189,Owsley County,KY,24
21191,Pendleton County,KY,20
21193,Perry County,KY,21
21195,Pike County,KY,17
21197,Powell County,KY,26
21199,Pulaski County,KY,27
21201,Robertson County,KY,15
21203,Rockcastle County,KY,27
21205,Rowan County,KY,20
21207,Russell County,KY,28
21209,Scott County,KY,27
21211,Shelby County,KY,25
21213,Simpson County,KY,15
21215,Spencer County,KY,24
21217,Taylor County,KY,36
21219,Todd County,KY,20
21221,Trigg County,KY,20
21223,Trimble County,KY,25
21225,Union County,KY,36
21227,Warren County,KY,22
21229,Washington County,KY,36
21231,Wayne County,KY,26
21233,Webster County,KY,24
21235,Whitley County,KY,28
21237,Wolfe County,KY,25
21239,Woodford County,KY,32
22001,Acadia Parish,LA,64
22003,Allen Parish,LA,61
22005,Ascension Parish,LA,66
22007,Assumption Parish,LA,99
22009,Avoyelles Parish,LA,75
22011,Beauregard Parish,LA,62
22013,Bienville Parish,LA,73
22015,Bossier Parish,LA,81
22017,Caddo Parish,LA,87
22019,Calcasieu Parish,LA,66
22021,Caldwell Parish,LA,70
22023,Cameron Parish,LA,72
22025,Catahoula Parish,LA,77
22027,Claiborne Parish,LA,75
22029,Concordia Parish,LA,71
22031,De Soto Parish,LA,77
22033,East Baton Rouge Parish,LA,57
22035,East Carroll Parish,LA,67
22037,East Feliciana Parish,LA,57
22039,Evangeline Parish,LA,66
22041,Franklin Parish,LA,80
22043,Grant Parish,LA,71
22045,Iberia Parish,LA,98
22047,Iberville Parish,LA,57
22049,Jackson Parish,LA,60
22051,Jefferson Parish,LA,108
22053,Jefferson Davis Parish,LA,63
22055,Lafayette Parish,LA,68
22057,Lafourche Parish,LA,112
22059,La Salle Parish,LA,75
22061,Lincoln Parish,LA,61
22063,Livingston Parish,LA,68
22065,Madison Parish,LA,70
22067,Morehouse Parish,LA,77
22069,Natchitoches Parish,LA,76
22071,Orleans Parish,LA,76
22073,Ouachita Parish,LA,77
22075,Plaquemines Parish,LA,99
22077,Pointe Coupee Parish,LA,55
22079,Rapides Parish,LA,72
22081,Red River Parish,LA,75
22083,Richland Parish,LA,80
22085,Sabine Parish,LA,62
22087,Saint Bernard Parish,LA,97
22089,Saint Charles Parish,LA,89
22091,Saint Helena Parish,LA,57
22093,Saint James Parish,LA,67
22095,Saint John the Baptist Parish,LA,61
22097,Saint Landry Parish,LA,66
22099,Saint Martin Parish,LA,101
22101,Saint Mary Parish,LA,105
22103,Saint Tammany Parish,LA,50
22105,Tangipahoa Parish,LA,56
22107,Tensas Parish,LA,76
22109,Terrebonne Parish,LA,115
22111,Union Parish,LA,72
22113,Vermilion Parish,LA,80
22115,Vernon Parish,LA,68
22117,Washington Parish,LA,38
22119,Webster Parish,LA,74
22121,West Baton Rouge Parish,LA,57
22123,West Carroll Parish,LA,74
22125,West Feliciana Parish,LA,55
22127,Winn Parish,LA,69
23001,Androscoggin County,ME,38
23003,Aroostook County,ME,60
23005,Cumberland County,ME,47
23007,Franklin County,ME,83
23009,Hancock County,ME,45
23011,Kennebec County,ME,44
23013,Knox County,ME,50
23015,Lincoln County,ME,48
23017,Oxford County,ME,74
23019,Penobscot County,ME,51
23021,Piscataquis County,ME,74
23023,Sagadahoc County,ME,48
23025,Somerset County,ME,91
23027,Waldo County,ME,51
23029,Washington County,ME,28
23031,York County,ME,45
24001,Allegany County,MD,9
24003,Anne Arundel County,MD,30
24005,Baltimore County,MD,28
24009,Calvert County,MD,24
24011,Caroline County,MD,13
24013,Carroll County,MD,34
24015,Cecil County,MD,22
24017,Charles County,MD,32
24019,Dorchester County,MD,14
24021,Frederick County,MD,36
24023,Garrett County,MD,11
24025,Harford County,MD,20
24027,Howard County,MD,34
24029,Kent County,MD,13
24031,Montgomery County,MD,41
24033,Prince George's County,MD,30
24035,Queen Anne's County,MD,15
24037,Saint Mary's County,MD,30
24039,Somerset County,MD,35
24041,Talbot County,MD,16
24043,Washington County,MD,35
24045,Wicomico County,MD,15
24047,Worcester County,MD,27
24510,Baltimore City,MD,25
25001,Barnstable County,MA,49
25003,Berkshire County,MA,35
25005,Bristol County,MA,42
25007,Dukes County,MA,34
25009,Essex County,MA,62
25011,Franklin County,MA,50
25013,Hampden County,MA,40
25015,Hampshire County,MA,43
25017,Middlesex County,MA,58
25019,Nantucket County,MA,41
25021,Norfolk County,MA,39
25023,Plymouth County,MA,41
25025,Suffolk County,MA,42
25027,Worcester County,MA,48
26001,Alcona County,MI,13
26003,Alger County,MI,20
26005,Allegan County,MI,24
26007,Alpena County,MI,13
26009,Antrim County,MI,30
26011,Arenac County,MI,41
26013,Baraga County,MI,4
26015,Barry County,MI,38
26017,Bay County,MI,41
26019,Benzie County,MI,32
26021,Berrien County,MI,22
26023,Branch County,MI,54
26025,Calhoun County,MI,36
26027,Cass County,MI,32
26029,Charlevoix County,MI,17
26031,Cheboygan County,MI,12
26033,Chippewa County,MI,48
26035,Clare County,MI,31
26037,Clinton County,MI,43
26039,Crawford County,MI,21
26041,Delta County,MI,30
26043,Dickinson County,MI,35
26045,Eaton County,MI,38
26047,Emmet County,MI,7
26049,Genesee County,MI,45
26051,Gladwin County,MI,40
26053,Gogebic County,MI,66
26055,Grand Traverse County,MI,29
26057,Gratiot County,MI,44
26059,Hillsdale County,MI,46
26061,Houghton County,MI,4
26063,Huron County,MI,76
26065,Ingham County,MI,35
26067,Ionia County,MI,46
26069,Iosco County,MI,31
26071,Iron County,MI,37
26073,Isabella County,MI,28
26075,Jackson County,MI,38
26077,Kalamazoo County,MI,36
26079,Kalkaska County,MI,31
26081,Kent County,MI,43
26083,Keweenaw County,MI,38
26085,Lake County,MI,49
26087,Lapeer County,MI,49
26089,Leelanau County,MI,19
26091,Lenawee County,MI,59
26093,Livingston County,MI,38
26095,Luce County,MI,45
26097,Mackinac County,MI,17
26099,Macomb County,MI,51
26101,Manistee County,MI,50
26103,Marquette County,MI,14
26105,Mason County,MI,49
26107,Mecosta County,MI,17
26109,Menominee County,MI,26
26111,Midland County,MI,37
26113,Missaukee County,MI,31
26115,Monroe County,MI,57
26117,Montcalm County,MI,25
26119,Montmorency County,MI,16
26121,Muskegon County,MI,15
26123,Newaygo County,MI,22
26125,Oakland County,MI,50
26127,Oceana County,MI,26
26129,Ogemaw County,MI,39
26131,Ontonagon County,MI,63
26133,Osceola County,MI,29
26135,Oscoda County,MI,21
26137,Otsego County,MI,27
26139,Ottawa County,MI,29
26141,Presque Isle County,MI,12
26143,Roscommon County,MI,31
26145,Saginaw County,MI,48
26147,Saint Clair County,MI,51
26149,Saint Joseph County,MI,57
26151,Sanilac County,MI,64
26153,Schoolcraft County,MI,37
26155,Shiawassee County,MI,38
26157,Tuscola County,MI,80
26159,Van Buren County,MI,20
26161,Washtenaw County,MI,50
26163,Wayne County,MI,48
26165,Wexford County,MI,32
27001,Aitkin County,MN,78
27003,Anoka County,MN,99
27005,Becker County,MN,94
27007,Beltrami County,MN,119
27009,Benton County,MN,69
27011,Big Stone County,MN,111
27013,Blue Earth County,MN,109
27015,Brown County,MN,65
27017,Carlton County,MN,105
27019,Carver County,MN,91
27021,Cass County,MN,109
27023,Chippewa County,MN,107
27025,Chisago County,MN,95
27027,Clay County,MN,75
27029,Clearwater County,MN,100
27031,Cook County,MN,106
27033,Cottonwood County,MN,58
27035,Crow Wing County,MN,70
27037,Dakota County,MN,104
27039,Dodge County,MN,57
27041,Douglas County,MN,90
27043,Faribault County,MN,112
27045,Fillmore County,MN,49
27047,Freeborn County,MN,102
27049,Goodhue County,MN,106
27051,Grant County,MN,106
27053,Hennepin County,MN,97
27055,Houston County,MN,52
27057,Hubbard County,MN,99
27059,Isanti County,MN,89
27061,Itasca County,MN,103
27063,Jackson County,MN,97
27065,Kanabec County,MN,70
27067,Kandiyohi County,MN,73
27069,Kittson County,MN,84
27071,Koochiching County,MN,111
27073,Lac qui Parle County,MN,109
27075,Lake County,MN,104
27077,Lake of the Woods County,MN,104
27079,Le Sueur County,MN,102
27081,Lincoln County,MN,118
27083,Lyon County,MN,111
27085,McLeod County,MN,77
27087,Mahnomen County,MN,77
27089,Marshall County,MN,102
27091,Martin County,MN,104
27093,Meeker County,MN,77
27095,Mille Lacs County,MN,68
27097,Morrison County,MN,74
27099,Mower County,MN,60
27101,Murray County,MN,76
27103,Nicollet County,MN,99
27105,Nobles County,MN,119
27107,Norman County,MN,85
27109,Olmsted County,MN,59
27111,Otter Tail County,MN,106
27113,Pennington County,MN,100
27115,Pine County,MN,91
27117,Pipestone County,MN,128
27119,Polk County,MN,116
27121,Pope County,MN,87
27123,Ramsey County,MN,92
27125,Red Lake County,MN,96
27127,Redwood County,MN,69
27129,Renville County,MN,66
27131,Rice County,MN,104
27133,Rock County,MN,119
27135,Roseau County,MN,84
27137,Saint Louis County,MN,126
27139,Scott County,MN,95
27141,Sherburne County,MN,96
27143,Sibley County,MN,72
27145,Stearns County,MN,79
27147,Steele County,MN,86
27149,Stevens County,MN,120
27151,Swift County,MN,113
27153,Todd County,MN,83
27155,Traverse County,MN,115
27157,Wabasha County,MN,67
27159,Wadena County,MN,86
27161,Waseca County,MN,93
27163,Washington County,MN,98
27165,Watonwan County,MN,62
27167,Wilkin County,MN,85
27169,Winona County,MN,55
27171,Wright County,MN,97
27173,Yellow Medicine County,MN,109
28001,Adams County,MS,70
28003,Alcorn County,MS,30
28005,Amite County,MS,55
28007,Attala County,MS,46
28009,Benton County,MS,39
28011,Bolivar County,MS,55
28013,Calhoun County,MS,49
28015,Carroll County,MS,51
28017,Chickasaw County,MS,48
28019,Choctaw County,MS,32
28021,Claiborne County,MS,72
28023,Clarke County,MS,25
28025,Clay County,MS,32
28027,Coahoma County,MS,74
28029,Copiah County,MS,41
28031,Covington County,MS,28
28033,DeSoto County,MS,39
28035,Forrest County,MS,33
28037,Franklin County,MS,43
28039,George County,MS,48
28041,Greene County,MS,35
28043,Grenada County,MS,62
28045,Hancock County,MS,49
28047,Harrison County,MS,64
28049,Hinds County,MS,46
28051,Holmes County,MS,54
28053,Humphreys County,MS,46
28055,Issaquena County,MS,64
28057,Itawamba County,MS,37
28059,Jackson County,MS,63
28061,Jasper County,MS,20
28063,Jefferson County,MS,72
28065,Jefferson Davis County,MS,36
28067,Jones County,MS,26
28069,Kemper County,MS,17
28071,Lafayette County,MS,54
28073,Lamar County,MS,35
28075,Lauderdale County,MS,29
28077,Lawrence County,MS,36
28079,Leake County,MS,39
28081,Lee County,MS,38
28083,Leflore County,MS,79
28085,Lincoln County,MS,42
28087,Lowndes County,MS,20
28089,Madison County,MS,47
28091,Marion County,MS,37
28093,Marshall County,MS,44
28095,Monroe County,MS,40
28097,Montgomery County,MS,35
28099,Neshoba County,MS,30
28101,Newton County,MS,20
28103,Noxubee County,MS,23
28105,Oktibbeha County,MS,22
28107,Panola County,MS,75
28109,Pearl River County,MS,49
28111,Perry County,MS,30
28113,Pike County,MS,47
28115,Pontotoc County,MS,40
28117,Prentiss County,MS,37
28119,Quitman County,MS,84
28121,Rankin County,MS,36
28123,Scott County,MS,25
28125,Sharkey County,MS,52
28127,Simpson County,MS,29
28129,Smith County,MS,26
28131,Stone County,MS,44
28133,Sunflower County,MS,65
28135,Tallahatchie County,MS,81
28137,Tate County,MS,48
28139,Tippah County,MS,39
28141,Tishomingo County,MS,35
28143,Tunica County,MS,57
28145,Union County,MS,44
28147,Walthall County,MS,39
28149,Warren County,MS,60
28151,Washington County,MS,49
28153,Wayne County,MS,19
28155,Webster County,MS,31
28157,Wilkinson County,MS,48
28159,Winston County,MS,26
28161,Yalobusha County,MS,61
28163,Yazoo County,MS,48
29001,Adair County,MO,60
29003,Andrew County,MO,53
29005,Atchison County,MO,65
29007,Audrain County,MO,53
29009,Barry County,MO,40
29011,Barton County,MO,100
29013,Bates County,MO,62
29015,Benton County,MO,45
29017,Bollinger County,MO,32
29019,Boone County,MO,69
29021,Buchanan County,MO,57
29023,Butler County,MO,35
29025,Caldwell County,MO,38
29027,Callaway County,MO,59
29029,Camden County,MO,52
29031,Cape Girardeau County,MO,36
29033,Carroll County,MO,49
29035,Carter County,MO,63
29037,Cass County,MO,66
29039,Cedar County,MO,90
29041,Chariton County,MO,59
29043,Christian County,MO,45
29045,Clark County,MO,61
29047,Clay County,MO,58
29049,Clinton County,MO,51
29051,Cole County,MO,59
29053,Cooper County,MO,68
29055,Crawford County,MO,40
29057,Dade County,MO,78
29059,Dallas County,MO,52
29061,Daviess County,MO,39
29063,DeKalb County,MO,60
29065,Dent County,MO,44
29067,Douglas County,MO,36
29069,Dunklin County,MO,31
29071,Franklin County,MO,49
29073,Gasconade County,MO,50
29075,Gentry County,MO,36
29077,Greene County,MO,61
29079,Grundy County,MO,29
29081,Harrison County,MO,36
29083,Henry County,MO,45
29085,Hickory County,MO,55
29087,Holt County,MO,55
29089,Howard County,MO,69
29091,Howell County,MO,52
29093,Iron County,MO,37
29095,Jackson County,MO,65
29097,Jasper County,MO,88
29099,Jefferson County,MO,27
29101,Johnson County,MO,62
29103,Knox County,MO,60
29105,Laclede County,MO,49
29107,Lafayette County,MO,61
29109,Lawrence County,MO,61
29111,Lewis County,MO,53
29113,Lincoln County,MO,35
29115,Linn County,MO,55
29117,Livingston County,MO,40
29119,McDonald County,MO,53
29121,Macon County,MO,59
29123,Madison County,MO,30
29125,Maries County,MO,57
29127,Marion County,MO,44
29129,Mercer County,MO,43
29131,Miller County,MO,52
29133,Mississippi County,MO,38
29135,Moniteau County,MO,68
29137,Monroe County,MO,56
29139,Montgomery County,MO,38
29141,Morgan County,MO,43
29143,New Madrid County,MO,36
29145,Newton County,MO,64
29147,Nodaway County,MO,61
29149,Oregon County,MO,61
29151,Osage County,MO,46
29153,Ozark County,MO,35
29155,Pemiscot County,MO,32
29157,Perry County,MO,31
29159,Pettis County,MO,67
29161,Phelps County,MO,55
29163,Pike County,MO,37
29165,Platte County,MO,52
29167,Polk County,MO,59
29169,Pulaski County,MO,55
29171,Putnam County,MO,53
29173,Ralls County,MO,38
29175,Randolph County,MO,56
29177,Ray County,MO,49
29179,Reynolds County,MO,53
29181,Ripley County,MO,61
29183,Saint Charles County,MO,42
29185,Saint Clair County,MO,60
29186,Sainte Genevieve County,MO,31
29187,Saint Francois County,MO,30
29189,Saint Louis County,MO,34
29195,Saline County,MO,61
29197,Schuyler County,MO,62
29199,Scotland County,MO,73
29201,Scott County,MO,37
29203,Shannon County,MO,69
29205,Shelby County,MO,59
29207,Stoddard County,MO,34
29209,Stone County,MO,43
29211,Sullivan County,MO,49
29213,Taney County,MO,41
29215,Texas County,MO,54
29217,Vernon County,MO,94
29219,Warren County,MO,46
29221,Washington County,MO,32
29223,Wayne County,MO,35
29225,Webster County,MO,53
29227,Worth County,MO,32
29229,Wright County,MO,32
29510,Saint Louis City,MO,18
30001,Beaverhead County,MT,158
30003,Big Horn County,MT,90
30005,Blaine County,MT,152
30007,Broadwater County,MT,139
30009,Carbon County,MT,86
30011,Carter County,MT,128
30013,Cascade County,MT,138
30015,Chouteau County,MT,161
30017,Custer County,MT,143
30019,Daniels County,MT,152
30021,Dawson County,MT,126
30023,Deer Lodge County,MT,109
30025,Fallon County,MT,130
30027,Fergus County,MT,145
30029,Flathead County,MT,166
30031,Gallatin County,MT,149
30033,Garfield County,MT,132
30035,Glacier County,MT,151
30037,Golden Valley County,MT,83
30039,Granite County,MT,94
30041,Hill County,MT,151
30043,Jefferson County,MT,144
30045,Judith Basin County,MT,136
30047,Lake County,MT,104
30049,Lewis and Clark County,MT,164
30051,Liberty County,MT,139
30053,Lincoln County,MT,126
30055,McCone County,MT,150
30057,Madison County,MT,147
30059,Meagher County,MT,128
30061,Mineral County,MT,94
30063,Missoula County,MT,113
30065,Musselshell County,MT,120
30067,Park County,MT,116
30069,Petroleum County,MT,142
30071,Phillips County,MT,146
30073,Pondera County,MT,142
30075,Powder River County,MT,112
30077,Powell County,MT,144
30079,Prairie County,MT,113
30081,Ravalli County,MT,114
30083,Richland County,MT,149
30085,Roosevelt County,MT,159
30087,Rosebud County,MT,142
30089,Sanders County,MT,123
30091,Sheridan County,MT,155
30093,Silver Bow County,MT,138
30095,Stillwater County,MT,87
30097,Sweet Grass County,MT,115
30099,Teton County,MT,163
30101,Toole County,MT,128
30103,Treasure County,MT,86
30105,Valley County,MT,152
30107,Wheatland County,MT,122
30109,Wibaux County,MT,132
30111,Yellowstone County,MT,81
31001,Adams County,NE,151
31003,Antelope County,NE,152
31005,Arthur County,NE,123
31007,Banner County,NE,147
31009,Blaine County,NE,137
31011,Boone County,NE,155
31013,Box Butte County,NE,147
31015,Boyd County,NE,144
31017,Brown County,NE,138
31019,Buffalo County,NE,158
31021,Burt County,NE,131
31023,Butler County,NE,130
31025,Cass County,NE,104
31027,Cedar County,NE,181
31029,Chase County,NE,175
31031,Cherry County,NE,149
31033,Cheyenne County,NE,148
31035,Clay County,NE,145
31037,Colfax County,NE,131
31039,Cuming County,NE,137
31041,Custer County,NE,143
31043,Dakota County,NE,172
31045,Dawes County,NE,149
31047,Dawson County,NE,128
31049,Deuel County,NE,138
31051,Dixon County,NE,182
31053,Dodge County,NE,131
31055,Douglas County,NE,127
31057,Dundy County,NE,153
31059,Fillmore County,NE,120
31061,Franklin County,NE,132
31063,Frontier County,NE,157
31065,Furnas County,NE,116
31067,Gage County,NE,127
31069,Garden County,NE,153
31071,Garfield County,NE,140
31073,Gosper County,NE,124
31075,Grant County,NE,118
31077,Greeley County,NE,141
31079,Hall County,NE,160
31081,Hamilton County,NE,147
31083,Harlan County,NE,114
31085,Hayes County,NE,154
31087,Hitchcock County,NE,153
31089,Holt County,NE,153
31091,Hooker County,NE,119
31093,Howard County,NE,157
31095,Jefferson County,NE,122
31097,Johnson County,NE,92
31099,Kearney County,NE,152
31101,Keith County,NE,133
31103,Keya Paha County,NE,127
31105,Kimball County,NE,136
31107,Knox County,NE,162
31109,Lancaster County,NE,119
31111,Lincoln County,NE,163
31113,Logan County,NE,118
31115,Loup County,NE,145
31117,McPherson County,NE,125
31119,Madison County,NE,161
31121,Merrick County,NE,144
31123,Morrill County,NE,148
31125,Nance County,NE,144
31127,Nemaha County,NE,90
31129,Nuckolls County,NE,127
31131,Otoe County,NE,89
31133,Pawnee County,NE,108
31135,Perkins County,NE,173
31137,Phelps County,NE,119
31139,Pierce County,NE,165
31141,Platte County,NE,159
31143,Polk County,NE,124
31145,Red Willow County,NE,151
31147,Richardson County,NE,94
31149,Rock County,NE,147
31151,Saline County,NE,120
31153,Sarpy County,NE,119
31155,Saunders County,NE,127
31157,Scotts Bluff County,NE,148
31159,Seward County,NE,122
31161,Sheridan County,NE,151
31163,Sherman County,NE,152
31165,Sioux County,NE,157
31167,Stanton County,NE,158
31169,Thayer County,NE,124
31171,Thomas County,NE,115
31173,Thurston County,NE,158
31175,Valley County,NE,143
31177,Washington County,NE,127
31179,Wayne County,NE,165
31181,Webster County,NE,126
31183,Wheeler County,NE,123
31185,York County,NE,118
32001,Churchill County,NV,162
32003,Clark County,NV,202
32005,Douglas County,NV,159
32007,Elko County,NV,171
32009,Esmeralda County,NV,176
32011,Eureka County,NV,166
32013,Humboldt County,NV,163
32015,Lander County,NV,167
32017,Lincoln County,NV,204
32019,Lyon County,NV,162
32021,Mineral County,NV,162
32023,Nye County,NV,195
32027,Pershing County,NV,177
32029,Storey County,NV,161
32031,Washoe County,NV,179
32033,White Pine County,NV,169
32510,Carson City,NV,158
33001,Belknap County,NH,61
33003,Carroll County,NH,35
33005,Cheshire County,NH,64
33007,Coos County,NH,83
33009,Grafton County,NH,68
33011,Hillsborough County,NH,57
33013,Merrimack County,NH,64
33015,Rockingham County,NH,64
33017,Strafford County,NH,46
33019,Sullivan County,NH,67
34001,Atlantic County,NJ,20
34003,Bergen County,NJ,27
34005,Burlington County,NJ,10
34007,Camden County,NJ,12
34009,Cape May County,NJ,27
34011,Cumberland County,NJ,24
34013,Essex County,NJ,26
34015,Gloucester County,NJ,24
34017,Hudson County,NJ,15
34019,Hunterdon County,NJ,18
34021,Mercer County,NJ,13
34023,Middlesex County,NJ,15
34025,Monmouth County,NJ,19
34027,Morris County,NJ,26
34029,Ocean County,NJ,13
34031,Passaic County,NJ,23
34033,Salem County,NJ,25
34035,Somerset County,NJ,14
34037,Sussex County,NJ,22
34039,Union County,NJ,12
34041,Warren County,NJ,13
35001,Bernalillo County,NM,199
35003,Catron County,NM,205
35005,Chaves County,NM,214
35006,Cibola County,NM,243
35007,Colfax County,NM,235
35009,Curry County,NM,178
35011,DeBaca County,NM,196
35013,Dona Ana County,NM,149
35015,Eddy County,NM,212
35017,Grant County,NM,184
35019,Guadalupe County,NM,174
35021,Harding County,NM,235
35023,Hidalgo County,NM,172
35025,Lea County,NM,184
35027,Lincoln County,NM,215
35028,Los Alamos County,NM,209
35029,Luna County,NM,165
35031,McKinley County,NM,261
35033,Mora County,NM,239
35035,Otero County,NM,215
35037,Quay County,NM,194
35039,Rio Arriba County,NM,253
35041,Roosevelt County,NM,179
35043,Sandoval County,NM,261
35045,San Juan County,NM,255
35047,San Miguel County,NM,236
35049,Santa Fe County,NM,218
35051,Sierra County,NM,189
35053,Socorro County,NM,157
35055,Taos County,NM,219
35057,Torrance County,NM,169
35059,Union County,NM,235
35061,Valencia County,NM,179
36001,Albany County,NY,13
36003,Allegany County,NY,51
36005,Bronx County,NY,13
36009,Cattaraugus County,NY,55
36011,Cayuga County,NY,19
36013,Chautauqua County,NY,18
36015,Chemung County,NY,23
36017,Chenango County,NY,5
36019,Clinton County,NY,30
36021,Columbia County,NY,18
36023,Cortland County,NY,14
36025,Delaware County,NY,3
36027,Dutchess County,NY,30
36029,Erie County,NY,49
36031,Essex County,NY,48
36033,Franklin County,NY,58
36035,Fulton County,NY,12
36037,Genesee County,NY,41
36039,Greene County,NY,12
36041,Hamilton County,NY,23
36043,Herkimer County,NY,29
36045,Jefferson County,NY,24
36047,Kings County,NY,17
36049,Lewis County,NY,30
36051,Livingston County,NY,53
36053,Madison County,NY,13
36055,Monroe County,NY,17
36057,Montgomery County,NY,3
36059,Nassau County,NY,18
36061,New York County,NY,12
36063,Niagara County,NY,32
36065,Oneida County,NY,29
36067,Onondaga County,NY,13
36069,Ontario County,NY,32
36071,Orange County,NY,25
36073,Orleans County,NY,29
36075,Oswego County,NY,25
36079,Putnam County,NY,24
36081,Queens County,NY,17
36083,Rensselaer County,NY,17
36085,Richmond County,NY,12
36087,Rockland County,NY,26
36089,Saint Lawrence County,NY,57
36091,Saratoga County,NY,12
36093,Schenectady County,NY,13
36095,Schoharie County,NY,12
36097,Schuyler County,NY,26
36099,Seneca County,NY,23
36101,Steuben County,NY,51
36103,Suffolk County,NY,55
36105,Sullivan County,NY,12
36107,Tioga County,NY,15
36109,Tompkins County,NY,26
36111,Ulster County,NY,23
36113,Warren County,NY,25
36115,Washington County,NY,19
36117,Wayne County,NY,13
36119,Westchester County,NY,26
36121,Wyoming County,NY,55
36123,Yates County,NY,25
37001,Alamance County,NC,19
37003,Alexander County,NC,30
37005,Alleghany County,NC,22
37007,Anson County,NC,55
37009,Ashe County,NC,20
37011,Avery County,NC,19
37013,Beaufort County,NC,56
37015,Bertie County,NC,46
37017,Bladen County,NC,73
37019,Brunswick County,NC,74
37021,Buncombe County,NC,27
37023,Burke County,NC,22
37025,Cabarrus County,NC,35
37027,Caldwell County,NC,26
37029,Camden County,NC,47
37031,Carteret County,NC,62
37033,Caswell County,NC,31
37035,Catawba County,NC,38
37037,Chatham County,NC,23
37039,Cherokee County,NC,25
37041,Chowan County,NC,49
37043,Clay County,NC,27
37045,Cleveland County,NC,33
37047,Columbus County,NC,73
37049,Craven County,NC,63
37051,Cumberland County,NC,55
37053,Currituck County,NC,49
37055,Dare County,NC,49
37057,Davidson County,NC,29
37059,Davie County,NC,30
37061,Duplin County,NC,89
37063,Durham County,NC,16
37065,Edgecombe County,NC,38
37067,Forsyth County,NC,21
37069,Franklin County,NC,19
37071,Gaston County,NC,38
37073,Gates County,NC,31
37075,Graham County,NC,24
37077,Granville County,NC,38
37079,Greene County,NC,41
37081,Guilford County,NC,20
37083,Halifax County,NC,50
37085,Harnett County,NC,29
37087,Haywood County,NC,25
37089,Henderson County,NC,23
37091,Hertford County,NC,30
37093,Hoke County,NC,38
37095,Hyde County,NC,40
37097,Iredell County,NC,37
37099,Jackson County,NC,25
37101,Johnston County,NC,36
37103,Jones County,NC,74
37105,Lee County,NC,24
37107,Lenoir County,NC,63
37109,Lincoln County,NC,38
37111,McDowell County,NC,22
37113,Macon County,NC,27
37115,Madison County,NC,22
37117,Martin County,NC,46
37119,Mecklenburg County,NC,38
37121,Mitchell County,NC,20
37123,Montgomery County,NC,45
37125,Moore County,NC,29
37127,Nash County,NC,34
37129,New Hanover County,NC,68
37131,Northampton County,NC,42
37133,Onslow County,NC,83
37135,Orange County,NC,18
37137,Pamlico County,NC,43
37139,Pasquotank County,NC,47
37141,Pender County,NC,86
37143,Perquimans County,NC,50
37145,Person County,NC,33
37147,Pitt County,NC,46
37149,Polk County,NC,20
37151,Randolph County,NC,21
37153,Richmond County,NC,44
37155,Robeson County,NC,68
37157,Rockingham County,NC,28
37159,Rowan County,NC,33
37161,Rutherford County,NC,26
37163,Sampson County,NC,78
37165,Scotland County,NC,47
37167,Stanly County,NC,51
37169,Stokes County,NC,24
37171,Surry County,NC,25
37173,Swain County,NC,23
37175,Transylvania County,NC,25
37177,Tyrrell County,NC,46
37179,Union County,NC,58
37181,Vance County,NC,36
37183,Wake County,NC,23
37185,Warren County,NC,31
37187,Washington County,NC,49
37189,Watauga County,NC,18
37191,Wayne County,NC,48
37193,Wilkes County,NC,26
37195,Wilson County,NC,38
37197,Yadkin County,NC,26
37199,Yancey County,NC,21
38001,Adams County,ND,116
38003,Barnes County,ND,81
38005,Benson County,ND,142
38007,Billings County,ND,135
38009,Bottineau County,ND,147
38011,Bowman County,ND,127
38013,Burke County,ND,159
38015,Burleigh County,ND,115
38017,Cass County,ND,73
38019,Cavalier County,ND,133
38021,Dickey County,ND,68
38023,Divide County,ND,151
38025,Dunn County,ND,127
38027,Eddy County,ND,106
38029,Emmons County,ND,125
38031,Foster County,ND,106
38033,Golden Valley County,ND,131
38035,Grand Forks County,ND,112
38037,Grant County,ND,129
38039,Griggs County,ND,95
38041,Hettinger County,ND,117
38043,Kidder County,ND,111
38045,LaMoure County,ND,85
38047,Logan County,ND,91
38049,McHenry County,ND,152
38051,McIntosh County,ND,95
38053,McKenzie County,ND,135
38055,McLean County,ND,126
38057,Mercer County,ND,121
38059,Morton County,ND,125
38061,Mountrail County,ND,144
38063,Nelson County,ND,116
38065,Oliver County,ND,109
38067,Pembina County,ND,98
38069,Pierce County,ND,151
38071,Ramsey County,ND,132
38073,Ransom County,ND,60
38075,Renville County,ND,155
38077,Richland County,ND,93
38079,Rolette County,ND,143
38081,Sargent County,ND,70
38083,Sheridan County,ND,120
38085,Sioux County,ND,136
38087,Slope County,ND,119
38089,Stark County,ND,120
38091,Steele County,ND,97
38093,Stutsman County,ND,99
38095,Towner County,ND,144
38097,Traill County,ND,90
38099,Walsh County,ND,116
38101,Ward County,ND,152
38103,Wells County,ND,118
38105,Williams County,ND,148
39001,Adams County,OH,18
39003,Allen County,OH,34
39005,Ashland County,OH,18
39007,Ashtabula County,OH,21
39009,Athens County,OH,8
39011,Auglaize County,OH,25
39013,Belmont County,OH,6
39015,Brown County,OH,20
39017,Butler County,OH,35
39019,Carroll County,OH,8
39021,Champaign County,OH,36
39023,Clark County,OH,35
39025,Clermont County,OH,24
39027,Clinton County,OH,26
39029,Columbiana County,OH,8
39031,Coshocton County,OH,7
39033,Crawford County,OH,14
39035,Cuyahoga County,OH,12
39037,Darke County,OH,29
39039,Defiance County,OH,51
39041,Delaware County,OH,19
39043,Erie County,OH,37
39045,Fairfield County,OH,13
39047,Fayette County,OH,24
39049,Franklin County,OH,24
39051,Fulton County,OH,52
39053,Gallia County,OH,20
39055,Geauga County,OH,12
39057,Greene County,OH,33
39059,Guernsey County,OH,2
39061,Hamilton County,OH,28
39063,Hancock County,OH,42
39065,Hardin County,OH,25
39067,Harrison County,OH,5
39069,Henry County,OH,44
39071,Highland County,OH,20
39073,Hocking County,OH,13
39075,Holmes County,OH,12
39077,Huron County,OH,24
39079,Jackson County,OH,21
39081,Jefferson County,OH,12
39083,Knox County,OH,15
39085,Lake County,OH,6
39087,Lawrence County,OH,20
39089,Licking County,OH,8
39091,Logan County,OH,32
39093,Lorain County,OH,18
39095,Lucas County,OH,47
39097,Madison County,OH,28
39099,Mahoning County,OH,14
39101,Marion County,OH,13
39103,Medina County,OH,14
39105,Meigs County,OH,11
39107,Mercer County,OH,31
39109,Miami County,OH,33
39113,Montgomery County,OH,35
39115,Morgan County,OH,7
39117,Morrow County,OH,17
39119,Muskingum County,OH,6
39121,Noble County,OH,3
39123,Ottawa County,OH,42
39125,Paulding County,OH,24
39127,Perry County,OH,10
39129,Pickaway County,OH,19
39131,Pike County,OH,22
39133,Portage County,OH,22
39135,Preble County,OH,37
39137,Putnam County,OH,39
39139,Richland County,OH,16
39141,Ross County,OH,19
39143,Sandusky County,OH,39
39145,Scioto County,OH,27
39147,Seneca County,OH,39
39149,Shelby County,OH,30
39151,Stark County,OH,24
39153,Summit County,OH,22
39155,Trumbull County,OH,14
39157,Tuscarawas County,OH,8
39159,Union County,OH,31
39161,Van Wert County,OH,25
39163,Vinton County,OH,21
39165,Warren County,OH,23
39167,Washington County,OH,7
39169,Wayne County,OH,19
39171,Williams County,OH,52
39173,Wood County,OH,46
39175,Wyandot County,OH,26
40001,Adair County,OK,30
40003,Alfalfa County,OK,120
40005,Atoka County,OK,98
40007,Beaver County,OK,135
40009,Beckham County,OK,196
40011,Blaine County,OK,137
40013,Bryan County,OK,116
40015,Caddo County,OK,177
40017,Canadian County,OK,125
40019,Carter County,OK,117
40021,Cherokee County,OK,40
40023,Choctaw County,OK,96
40025,Cimarron County,OK,178
40027,Cleveland County,OK,103
40029,Coal County,OK,91
40031,Comanche County,OK,178
40033,Cotton County,OK,145
40035,Craig County,OK,101
40037,Creek County,OK,87
40039,Custer County,OK,158
40041,Delaware County,OK,61
40043,Dewey County,OK,154
40045,Ellis County,OK,164
40047,Garfield County,OK,128
40049,Garvin County,OK,110
40051,Grady County,OK,132
40053,Grant County,OK,129
40055,Greer County,OK,214
40057,Harmon County,OK,210
40059,Harper County,OK,146
40061,Haskell County,OK,40
40063,Hughes County,OK,87
40065,Jackson County,OK,210
40067,Jefferson County,OK,140
40069,Johnston County,OK,104
40071,Kay County,OK,124
40073,Kingfisher County,OK,112
40075,Kiowa County,OK,209
40077,Latimer County,OK,65
40079,Le Flore County,OK,58
40081,Lincoln County,OK,90
40083,Logan County,OK,103
40085,Love County,OK,112
40087,McClain County,OK,103
40089,McCurtain County,OK,84
40091,McIntosh County,OK,68
40093,Major County,OK,139
40095,Marshall County,OK,101
40097,Mayes County,OK,65
40099,Murray County,OK,97
40101,Muskogee County,OK,42
40103,Noble County,OK,131
40105,Nowata County,OK,120
40107,Okfuskee County,OK,64
40109,Oklahoma County,OK,104
40111,Okmulgee County,OK,61
40113,Osage County,OK,126
40115,Ottawa County,OK,89
40117,Pawnee County,OK,121
40119,Payne County,OK,117
40121,Pittsburg County,OK,99
40123,Pontotoc County,OK,92
40125,Pottawatomie County,OK,87
40127,Pushmataha County,OK,101
40129,Roger Mills County,OK,170
40131,Rogers County,OK,87
40133,Seminole County,OK,86
40135,Sequoyah County,OK,34
40137,Stephens County,OK,131
40139,Texas County,OK,183
40141,Tillman County,OK,181
40143,Tulsa County,OK,89
40145,Wagoner County,OK,62
40147,Washington County,OK,118
40149,Washita County,OK,206
40151,Woods County,OK,136
40153,Woodward County,OK,160
41001,Baker County,OR,198
41003,Benton County,OR,181
41005,Clackamas County,OR,184
41007,Clatsop County,OR,94
41009,Columbia County,OR,113
41011,Coos County,OR,176
41013,Crook County,OR,220
41015,Curry County,OR,166
41017,Deschutes County,OR,224
41019,Douglas County,OR,225
41021,Gilliam County,OR,216
41023,Grant County,OR,215
41025,Harney County,OR,205
41027,Hood River County,OR,138
41029,Jackson County,OR,215
41031,Jefferson County,OR,225
41033,Josephine County,OR,195
41035,Klamath County,OR,224
41037,Lake County,OR,206
41039,Lane County,OR,215
41041,Lincoln County,OR,132
41043,Linn County,OR,211
41045,Malheur County,OR,183
41047,Marion County,OR,193
41049,Morrow County,OR,186
41051,Multnomah County,OR,128
41053,Polk County,OR,162
41055,Sherman County,OR,220
41057,Tillamook County,OR,91
41059,Umatilla County,OR,164
41061,Union County,OR,188
41063,Wallowa County,OR,171
41065,Wasco County,OR,225
41067,Washington County,OR,132
41069,Wheeler County,OR,216
41071,Yamhill County,OR,135
42001,Adams County,PA,41
42003,Allegheny County,PA,13
42005,Armstrong County,PA,17
42007,Beaver County,PA,13
42009,Bedford County,PA,15
42011,Berks County,PA,20
42013,Blair County,PA,22
42015,Bradford County,PA,28
42017,Bucks County,PA,14
42019,Butler County,PA,16
42021,Cambria County,PA,22
42023,Cameron County,PA,27
42025,Carbon County,PA,6
42027,Centre County,PA,38
42029,Chester County,PA,23
42031,Clarion County,PA,23
42033,Clearfield County,PA,24
42035,Clinton County,PA,34
42037,Columbia County,PA,17
42039,Crawford County,PA,26
42041,Cumberland County,PA,36
42043,Dauphin County,PA,20
42045,Delaware County,PA,17
42047,Elk County,PA,27
42049,Erie County,PA,22
42051,Fayette County,PA,15
42053,Forest County,PA,32
42055,Franklin County,PA,46
42057,Fulton County,PA,5
42059,Greene County,PA,13
42061,Huntingdon County,PA,30
42063,Indiana County,PA,22
42065,Jefferson County,PA,20
42067,Juniata County,PA,29
42071,Lancaster County,PA,31
42073,Lawrence County,PA,18
42075,Lebanon County,PA,20
42077,Lehigh County,PA,5
42079,Luzerne County,PA,16
42081,Lycoming County,PA,34
42083,McKean County,PA,36
42085,Mercer County,PA,14
42087,Mifflin County,PA,29
42089,Monroe County,PA,6
42091,Montgomery County,PA,16
42093,Montour County,PA,17
42095,Northampton County,PA,11
42097,Northumberland County,PA,23
42099,Perry County,PA,25
42101,Philadelphia County,PA,11
42103,Pike County,PA,10
42105,Potter County,PA,32
42107,Schuylkill County,PA,18
42109,Snyder County,PA,36
42111,Somerset County,PA,16
42113,Sullivan County,PA,17
42115,Susquehanna County,PA,2
42117,Tioga County,PA,28
42119,Union County,PA,36
42121,Venango County,PA,29
42123,Warren County,PA,27
42125,Washington County,PA,15
42127,Wayne County,PA,3
42129,Westmoreland County,PA,16
42131,Wyoming County,PA,10
42133,York County,PA,41
44001,Bristol County,RI,41
44003,Kent County,RI,39
44005,Newport County,RI,41
44007,Providence County,RI,39
44009,Washington County,RI,42
45001,Abbeville County,SC,40
45003,Aiken County,SC,25
45005,Allendale County,SC,61
45007,Anderson County,SC,44
45009,Bamberg County,SC,47
45011,Barnwell County,SC,47
45013,Beaufort County,SC,43
45015,Berkeley County,SC,53
45017,Calhoun County,SC,29
45019,Charleston County,SC,49
45021,Cherokee County,SC,38
45023,Chester County,SC,48
45025,Chesterfield County,SC,50
45027,Clarendon County,SC,54
45029,Colleton County,SC,51
45031,Darlington County,SC,57
45033,Dillon County,SC,74
45035,Dorchester County,SC,51
45037,Edgefield County,SC,27
45039,Fairfield County,SC,43
45041,Florence County,SC,85
45043,Georgetown County,SC,60
45045,Greenville County,SC,33
45047,Greenwood County,SC,42
45049,Hampton County,SC,64
45051,Horry County,SC,70
45053,Jasper County,SC,56
45055,Kershaw County,SC,47
45057,Lancaster County,SC,50
45059,Laurens County,SC,46
45061,Lee County,SC,47
45063,Lexington County,SC,33
45065,McCormick County,SC,38
45067,Marion County,SC,75
45069,Marlboro County,SC,55
45071,Newberry County,SC,43
45073,Oconee County,SC,30
45075,Orangeburg County,SC,49
45077,Pickens County,SC,31
45079,Richland County,SC,43
45081,Saluda County,SC,28
45083,Spartanburg County,SC,41
45085,Sumter County,SC,52
45087,Union County,SC,45
45089,Williamsburg County,SC,71
45091,York County,SC,50
46003,Aurora County,SD,146
46005,Beadle County,SD,118
46007,Bennett County,SD,133
46009,Bon Homme County,SD,155
46011,Brookings County,SD,118
46013,Brown County,SD,86
46015,Brule County,SD,146
46017,Buffalo County,SD,96
46019,Butte County,SD,118
46021,Campbell County,SD,112
46023,Charles Mix County,SD,157
46025,Clark County,SD,67
46027,Clay County,SD,152
46029,Codington County,SD,79
46031,Corson County,SD,126
46033,Custer County,SD,158
46035,Davison County,SD,143
46037,Day County,SD,99
46039,Deuel County,SD,95
46041,Dewey County,SD,122
46043,Douglas County,SD,153
46045,Edmunds County,SD,94
46047,Fall River County,SD,150
46049,Faulk County,SD,86
46051,Grant County,SD,103
46053,Gregory County,SD,145
46055,Haakon County,SD,137
46057,Hamlin County,SD,62
46059,Hand County,SD,109
46061,Hanson County,SD,145
46063,Harding County,SD,136
46065,Hughes County,SD,97
46067,Hutchinson County,SD,151
46069,Hyde County,SD,99
46071,Jackson County,SD,148
46073,Jerauld County,SD,137
46075,Jones County,SD,94
46077,Kingsbury County,SD,106
46079,Lake County,SD,123
46081,Lawrence County,SD,138
46083,Lincoln County,SD,137
46085,Lyman County,SD,134
46087,McCook County,SD,136
46089,McPherson County,SD,95
46091,Marshall County,SD,94
46093,Meade County,SD,140
46095,Mellette County,SD,134
46097,Miner County,SD,132
46099,Minnehaha County,SD,137
46101,Moody County,SD,120
46102,Oglala Lakota County,SD,146
46103,Pennington County,SD,157
46105,Perkins County,SD,141
46107,Potter County,SD,116
46109,Roberts County,SD,112
46111,Sanborn County,SD,120
46115,Spink County,SD,101
46117,Stanley County,SD,126
46119,Sully County,SD,124
46121,Todd County,SD,111
46123,Tripp County,SD,128
46125,Turner County,SD,156
46127,Union County,SD,173
46129,Walworth County,SD,95
46135,Yankton County,SD,149
46137,Ziebach County,SD,123
47001,Anderson County,TN,28
47003,Bedford County,TN,26
47005,Benton County,TN,38
47007,Bledsoe County,TN,30
47009,Blount County,TN,31
47011,Bradley County,TN,31
47013,Campbell County,TN,28
47015,Cannon County,TN,21
47017,Carroll County,TN,37
47019,Carter County,TN,14
47021,Cheatham County,TN,32
47023,Chester County,TN,43
47025,Claiborne County,TN,29
47027,Clay County,TN,22
47029,Cocke County,TN,20
47031,Coffee County,TN,26
47033,Crockett County,TN,32
47035,Cumberland County,TN,31
47037,Davidson County,TN,29
47039,Decatur County,TN,47
47041,DeKalb County,TN,20
47043,Dickson County,TN,33
47045,Dyer County,TN,40
47047,Fayette County,TN,31
47049,Fentress County,TN,27
47051,Franklin County,TN,39
47053,Gibson County,TN,37
47055,Giles County,TN,37
47057,Grainger County,TN,32
47059,Greene County,TN,21
47061,Grundy County,TN,30
47063,Hamblen County,TN,29
47065,Hamilton County,TN,35
47067,Hancock County,TN,20
47069,Hardeman County,TN,30
47071,Hardin County,TN,52
47073,Hawkins County,TN,20
47075,Haywood County,TN,29
47077,Henderson County,TN,47
47079,Henry County,TN,35
47081,Hickman County,TN,36
47083,Houston County,TN,34
47085,Humphreys County,TN,34
47087,Jackson County,TN,21
47089,Jefferson County,TN,26
47091,Johnson County,TN,14
47093,Knox County,TN,28
47095,Lake County,TN,30
47097,Lauderdale County,TN,51
47099,Lawrence County,TN,34
47101,Lewis County,TN,32
47103,Lincoln County,TN,35
47105,Loudon County,TN,32
47107,McMinn County,TN,34
47109,McNairy County,TN,51
47111,Macon County,TN,20
47113,Madison County,TN,36
47115,Marion County,TN,39
47117,Marshall County,TN,34
47119,Maury County,TN,32
47121,Meigs County,TN,35
47123,Monroe County,TN,29
47125,Montgomery County,TN,32
47127,Moore County,TN,31
47129,Morgan County,TN,33
47131,Obion County,TN,39
47133,Overton County,TN,23
47135,Perry County,TN,46
47137,Pickett County,TN,24
47139,Polk County,TN,30
47141,Putnam County,TN,22
47143,Rhea County,TN,33
47145,Roane County,TN,29
47147,Robertson County,TN,26
47149,Rutherford County,TN,25
47151,Scott County,TN,28
47153,Sequatchie County,TN,33
47155,Sevier County,TN,25
47157,Shelby County,TN,38
47159,Smith County,TN,21
47161,Stewart County,TN,37
47163,Sullivan County,TN,14
47165,Sumner County,TN,24
47167,Tipton County,TN,50
47169,Trousdale County,TN,20
47171,Unicoi County,TN,16
47173,Union County,TN,26
47175,Van Buren County,TN,26
47177,Warren County,TN,23
47179,Washington County,TN,15
47181,Wayne County,TN,54
47183,Weakley County,TN,36
47185,White County,TN,22
47187,Williamson County,TN,32
47189,Wilson County,TN,28
48001,Anderson County,TX,130
48003,Andrews County,TX,181
48005,Angelina County,TX,105
48007,Aransas County,TX,107
48009,Archer County,TX,126
48011,Armstrong County,TX,182
48013,Atascosa County,TX,194
48015,Austin County,TX,141
48017,Bailey County,TX,158
48019,Bandera County,TX,194
48021,Bastrop County,TX,150
48023,Baylor County,TX,133
48025,Bee County,TX,144
48027,Bell County,TX,167
48029,Bexar County,TX,186
48031,Blanco County,TX,168
48033,Borden County,TX,177
48035,Bosque County,TX,153
48037,Bowie County,TX,85
48039,Brazoria County,TX,125
48041,Brazos County,TX,113
48043,Brewster County,TX,188
48045,Briscoe County,TX,168
48047,Brooks County,TX,135
48049,Brown County,TX,170
48051,Burleson County,TX,120
48053,Burnet County,TX,169
48055,Caldwell County,TX,163
48057,Calhoun County,TX,136
48059,Callahan County,TX,146
48061,Cameron County,TX,82
48063,Camp County,TX,85
48065,Carson County,TX,164
48067,Cass County,TX,84
48069,Castro County,TX,178
48071,Chambers County,TX,84
48073,Cherokee County,TX,118
48075,Childress County,TX,190
48077,Clay County,TX,140
48079,Cochran County,TX,162
48081,Coke County,TX,152
48083,Coleman County,TX,177
48085,Collin County,TX,105
48087,Collingsworth County,TX,190
48089,Colorado County,TX,148
48091,Comal County,TX,176
48093,Comanche County,TX,162
48095,Concho County,TX,168
48097,Cooke County,TX,114
48099,Coryell County,TX,161
48101,Cottle County,TX,183
48103,Crane County,TX,180
48105,Crockett County,TX,194
48107,Crosby County,TX,151
48109,Culberson County,TX,160
48111,Dallam County,TX,171
48113,Dallas County,TX,113
48115,Dawson County,TX,175
48117,Deaf Smith County,TX,180
48119,Delta County,TX,76
48121,Denton County,TX,113
48123,DeWitt County,TX,159
48125,Dickens County,TX,148
48127,Dimmit County,TX,216
48129,Donley County,TX,175
48131,Duval County,TX,167
48133,Eastland County,TX,145
48135,Ector County,TX,179
48137,Edwards County,TX,188
48139,Ellis County,TX,105
48141,El Paso County,TX,109
48143,Erath County,TX,160
48145,Falls County,TX,136
48147,Fannin County,TX,95
48149,Fayette County,TX,155
48151,Fisher County,TX,159
48153,Floyd County,TX,157
48155,Foard County,TX,171
48157,Fort Bend County,TX,113
48159,Franklin County,TX,80
48161,Freestone County,TX,136
48163,Frio County,TX,213
48165,Gaines County,TX,185
48167,Galveston County,TX,96
48169,Garza County,TX,150
48171,Gillespie County,TX,168
48173,Glasscock County,TX,186
48175,Goliad County,TX,146
48177,Gonzales County,TX,160
48179,Gray County,TX,155
48181,Grayson County,TX,106
48183,Gregg County,TX,79
48185,Grimes County,TX,113
48187,Guadalupe County,TX,168
48189,Hale County,TX,152
48191,Hall County,TX,184
48193,Hamilton County,TX,157
48195,Hansford County,TX,103
48197,Hardeman County,TX,196
48199,Hardin County,TX,92
48201,Harris County,TX,103
48203,Harrison County,TX,91
48205,Hartley County,TX,171
48207,Haskell County,TX,129
48209,Hays County,TX,175
48211,Hemphill County,TX,152
48213,Henderson County,TX,110
48215,Hidalgo County,TX,127
48217,Hill County,TX,139
48219,Hockley County,TX,154
48221,Hood County,TX,125
48223,Hopkins County,TX,88
48225,Houston County,TX,134
48227,Howard County,TX,185
48229,Hudspeth County,TX,155
48231,Hunt County,TX,95
48233,Hutchinson County,TX,135
48235,Irion County,TX,139
48237,Jack County,TX,126
48239,Jackson County,TX,146
48241,Jasper County,TX,84
48243,Jeff Davis County,TX,150
48245,Jefferson County,TX,78
48247,Jim Hogg County,TX,167
48249,Jim Wells County,TX,140
48251,Johnson County,TX,120
48253,Jones County,TX,132
48255,Karnes County,TX,153
48257,Kaufman County,TX,119
48259,Kendall County,TX,171
48261,Kenedy County,TX,112
48263,Kent County,TX,142
48265,Kerr County,TX,177
48267,Kimble County,TX,171
48269,King County,TX,163
48271,Kinney County,TX,203
48273,Kleberg County,TX,123
48275,Knox County,TX,151
48277,Lamar County,TX,93
48279,Lamb County,TX,153
48281,Lampasas County,TX,162
48283,La Salle County,TX,190
48285,Lavaca County,TX,147
48287,Lee County,TX,138
48289,Leon County,TX,133
48291,Liberty County,TX,101
48293,Limestone County,TX,133
48295,Lipscomb County,TX,129
48297,Live Oak County,TX,157
48299,Llano County,TX,171
48301,Loving County,TX,165
48303,Lubbock County,TX,155
48305,Lynn County,TX,165
48307,McCulloch County,TX,180
48309,McLennan County,TX,162
48311,McMullen County,TX,167
48313,Madison County,TX,104
48315,Marion County,TX,84
48317,Martin County,TX,185
48319,Mason County,TX,177
48321,Matagorda County,TX,126
48323,Maverick County,TX,217
48325,Medina County,TX,205
48327,Menard County,TX,175
48329,Midland County,TX,185
48331,Milam County,TX,127
48333,Mills County,TX,172
48335,Mitchell County,TX,161
48337,Montague County,TX,123
48339,Montgomery County,TX,89
48341,Moore County,TX,130
48343,Morris County,TX,75
48345,Motley County,TX,174
48347,Nacogdoches County,TX,101
48349,Navarro County,TX,129
48351,Newton County,TX,77
48353,Nolan County,TX,159
48355,Nueces County,TX,118
48357,Ochiltree County,TX,106
48359,Oldham County,TX,171
48361,Orange County,TX,66
48363,Palo Pinto County,TX,142
48365,Panola County,TX,87
48367,Parker County,TX,133
48369,Parmer County,TX,174
48371,Pecos County,TX,156
48373,Polk County,TX,115
48375,Potter County,TX,157
48377,Presidio County,TX,195
48379,Rains County,TX,91
48381,Randall County,TX,180
48383,Reagan County,TX,169
48385,Real County,TX,192
48387,Red River County,TX,90
48389,Reeves County,TX,137
48391,Refugio County,TX,129
48393,Roberts County,TX,131
48395,Robertson County,TX,124
48397,Rockwall County,TX,99
48399,Runnels County,TX,160
48401,Rusk County,TX,98
48403,Sabine County,TX,64
48405,San Augustine County,TX,83
48407,San Jacinto County,TX,99
48409,San Patricio County,TX,131
48411,San Saba County,TX,179
48413,Schleicher County,TX,149
48415,Scurry County,TX,153
48417,Shackelford County,TX,149
48419,Shelby County,TX,88
48421,Sherman County,TX,127
48423,Smith County,TX,107
48425,Somervell County,TX,131
48427,Starr County,TX,154
48429,Stephens County,TX,142
48431,Sterling County,TX,168
48433,Stonewall County,TX,135
48435,Sutton County,TX,161
48437,Swisher County,TX,175
48439,Tarrant County,TX,142
48441,Taylor County,TX,160
48443,Terrell County,TX,161
48445,Terry County,TX,164
48447,Throckmorton County,TX,131
48449,Titus County,TX,79
48451,Tom Green County,TX,159
48453,Travis County,TX,171
48455,Trinity County,TX,102
48457,Tyler County,TX,93
48459,Upshur County,TX,86
48461,Upton County,TX,183
48463,Uvalde County,TX,211
48465,Val Verde County,TX,212
48467,Van Zandt County,TX,106
48469,Victoria County,TX,159
48471,Walker County,TX,95
48473,Waller County,TX,109
48475,Ward County,TX,172
48477,Washington County,TX,143
48479,Webb County,TX,208
48481,Wharton County,TX,137
48483,Wheeler County,TX,171
48485,Wichita County,TX,151
48487,Wilbarger County,TX,172
48489,Willacy County,TX,89
48491,Williamson County,TX,167
48493,Wilson County,TX,169
48495,Winkler County,TX,174
48497,Wise County,TX,129
48499,Wood County,TX,97
48501,Yoakum County,TX,169
48503,Young County,TX,128
48505,Zapata County,TX,180
48507,Zavala County,TX,230
49001,Beaver County,UT,210
49003,Box Elder County,UT,165
49005,Cache County,UT,165
49007,Carbon County,UT,199
49009,Daggett County,UT,170
49011,Davis County,UT,163
49013,Duchesne County,UT,191
49015,Emery County,UT,218
49017,Garfield County,UT,220
49019,Grand County,UT,216
49021,Iron County,UT,213
49023,Juab County,UT,194
49025,Kane County,UT,209
49027,Millard County,UT,216
49029,Morgan County,UT,165
49031,Piute County,UT,215
49033,Rich County,UT,166
49035,Salt Lake County,UT,165
49037,San Juan County,UT,235
49039,Sanpete County,UT,216
49041,Sevier County,UT,217
49043,Summit County,UT,165
49045,Tooele County,UT,176
49047,Uintah County,UT,203
49049,Utah County,UT,197
49051,Wasatch County,UT,177
49053,Washington County,UT,197
49055,Wayne County,UT,218
49057,Weber County,UT,165
50001,Addison County,VT,40
50003,Bennington County,VT,47
50005,Caledonia County,VT,66
50007,Chittenden County,VT,47
50009,Essex County,VT,62
50011,Franklin County,VT,64
50013,Grand Isle County,VT,17
50015,Lamoille County,VT,63
50017,Orange County,VT,69
50019,Orleans County,VT,68
50021,Rutland County,VT,64
50023,Washington County,VT,68
50025,Windham County,VT,64
50027,Windsor County,VT,67
51001,Accomack County,VA,69
51003,Albemarle County,VA,37
51005,Alleghany County,VA,30
51007,Amelia County,VA,21
51009,Amherst County,VA,49
51011,Appomattox County,VA,42
51013,Arlington County,VA,18
51015,Augusta County,VA,51
51017,Bath County,VA,47
51019,Bedford County,VA,32
51021,Bland County,VA,16
51023,Botetourt County,VA,30
51025,Brunswick County,VA,34
51027,Buchanan County,VA,14
51029,Buckingham County,VA,43
51031,Campbell County,VA,34
51033,Caroline County,VA,21
51035,Carroll County,VA,19
51036,Charles City County,VA,16
51037,Charlotte County,VA,34
51041,Chesterfield County,VA,14
51043,Clarke County,VA,44
51045,Craig County,VA,26
51047,Culpeper County,VA,34
51049,Cumberland County,VA,20
51051,Dickenson County,VA,17
51053,Dinwiddie County,VA,20
51057,Essex County,VA,24
51059,Fairfax County,VA,22
51061,Fauquier County,VA,42
51063,Floyd County,VA,20
51065,Fluvanna County,VA,24
51067,Franklin County,VA,28
51069,Frederick County,VA,38
51071,Giles County,VA,15
51073,Gloucester County,VA,22
51075,Goochland County,VA,20
51077,Grayson County,VA,17
51079,Greene County,VA,27
51081,Greensville County,VA,27
51083,Halifax County,VA,39
51085,Hanover County,VA,22
51087,Henrico County,VA,16
51089,Henry County,VA,26
51091,Highland County,VA,44
51093,Isle of Wight County,VA,13
51095,James City County,VA,18
51097,King and Queen County,VA,17
51099,King George County,VA,21
51101,King William County,VA,16
51103,Lancaster County,VA,22
51105,Lee County,VA,28
51107,Loudoun County,VA,42
51109,Louisa County,VA,24
51111,Lunenburg County,VA,37
51113,Madison County,VA,31
51115,Mathews County,VA,22
51117,Mecklenburg County,VA,42
51119,Middlesex County,VA,16
51121,Montgomery County,VA,18
51125,Nelson County,VA,48
51127,New Kent County,VA,12
51131,Northampton County,VA,64
51133,Northumberland County,VA,21
51135,Nottoway County,VA,26
51137,Orange County,VA,31
51139,Page County,VA,34
51141,Patrick County,VA,24
51143,Pittsylvania County,VA,35
51145,Powhatan County,VA,17
51147,Prince Edward County,VA,27
51149,Prince George County,VA,11
51153,Prince William County,VA,39
51155,Pulaski County,VA,18
51157,Rappahannock County,VA,40
51159,Richmond County,VA,22
51161,Roanoke County,VA,24
51163,Rockbridge County,VA,43
51165,Rockingham County,VA,42
51167,Russell County,VA,17
51169,Scott County,VA,30
51171,Shenandoah County,VA,31
51173,Smyth County,VA,15
51175,Southampton County,VA,14
51177,Spotsylvania County,VA,27
51179,Stafford County,VA,23
51181,Surry County,VA,14
51183,Sussex County,VA,14
51185,Tazewell County,VA,16
51187,Warren County,VA,42
51191,Washington County,VA,15
51193,Westmoreland County,VA,23
51195,Wise County,VA,33
51197,Wythe County,VA,18
51199,York County,VA,21
51510,Alexandria City,VA,17
51520,Bristol City,VA,6
51530,Buena Vista City,VA,31
51540,Charlottesville City,VA,32
51550,Chesapeake City,VA,29
51570,Colonial Heights City,VA,10
51580,Covington City,VA,20
51590,Danville City,VA,31
51595,Emporia City,VA,11
51600,Fairfax City,VA,17
51610,Falls Church City,VA,17
51620,Franklin City,VA,12
51630,Fredericksburg City,VA,16
51640,Galax City,VA,16
51650,Hampton City,VA,13
51660,Harrisonburg City,VA,29
51670,Hopewell City,VA,8
51678,Lexington City,VA,31
51680,Lynchburg City,VA,28
51683,Manassas City,VA,11
51685,Manassas Park City,VA,11
51690,Martinsville City,VA,20
51700,Newport News City,VA,15
51710,Norfolk City,VA,18
51720,Norton City,VA,29
51730,Petersburg City,VA,10
51735,Poquoson City,VA,13
51740,Portsmouth City,VA,18
51750,Radford City,VA,13
51760,Richmond City,VA,13
51770,Roanoke City,VA,24
51775,Salem City,VA,17
51790,Staunton City,VA,37
51800,Suffolk City,VA,26
51810,Virginia Beach City,VA,23
51820,Waynesboro City,VA,36
51830,Williamsburg City,VA,6
51840,Winchester City,VA,34
53001,Adams County,WA,179
53003,Asotin County,WA,101
53005,Benton County,WA,182
53007,Chelan County,WA,201
53009,Clallam County,WA,77
53011,Clark County,WA,125
53013,Columbia County,WA,106
53015,Cowlitz County,WA,114
53017,Douglas County,WA,174
53019,Ferry County,WA,133
53021,Franklin County,WA,166
53023,Garfield County,WA,100
53025,Grant County,WA,163
53027,Grays Harbor County,WA,64
53029,Island County,WA,73
53031,Jefferson County,WA,73
53033,King County,WA,84
53035,Kitsap County,WA,40
53037,Kittitas County,WA,215
53039,Klickitat County,WA,192
53041,Lewis County,WA,98
53043,Lincoln County,WA,133
53045,Mason County,WA,60
53047,Okanogan County,WA,203
53049,Pacific County,WA,72
53051,Pend Oreille County,WA,137
53053,Pierce County,WA,83
53055,San Juan County,WA,66
53057,Skagit County,WA,92
53059,Skamania County,WA,111
53061,Snohomish County,WA,83
53063,Spokane County,WA,112
53065,Stevens County,WA,137
53067,Thurston County,WA,78
53069,Wahkiakum County,WA,85
53071,Walla Walla County,WA,164
53073,Whatcom County,WA,92
53075,Whitman County,WA,116
53077,Yakima County,WA,216
54001,Barbour County,WV,9
54003,Berkeley County,WV,40
54005,Boone County,WV,10
54007,Braxton County,WV,3
54009,Brooke County,WV,12
54011,Cabell County,WV,16
54013,Calhoun County,WV,5
54015,Clay County,WV,6
54017,Doddridge County,WV,2
54019,Fayette County,WV,8
54021,Gilmer County,WV,4
54023,Grant County,WV,24
54025,Greenbrier County,WV,27
54027,Hampshire County,WV,21
54029,Hancock County,WV,3
54031,Hardy County,WV,21
54033,Harrison County,WV,5
54035,Jackson County,WV,10
54037,Jefferson County,WV,40
54039,Kanawha County,WV,9
54041,Lewis County,WV,5
54043,Lincoln County,WV,17
54045,Logan County,WV,7
54047,McDowell County,WV,7
54049,Marion County,WV,12
54051,Marshall County,WV,12
54053,Mason County,WV,10
54055,Mercer County,WV,11
54057,Mineral County,WV,21
54059,Mingo County,WV,13
54061,Monongalia County,WV,13
54063,Monroe County,WV,19
54065,Morgan County,WV,14
54067,Nicholas County,WV,11
54069,Ohio County,WV,12
54071,Pendleton County,WV,38
54073,Pleasants County,WV,3
54075,Pocahontas County,WV,42
54077,Preston County,WV,15
54079,Putnam County,WV,7
54081,Raleigh County,WV,7
54083,Randolph County,WV,27
54085,Ritchie County,WV,3
54087,Roane County,WV,7
54089,Summers County,WV,10
54091,Taylor County,WV,10
54093,Tucker County,WV,26
54095,Tyler County,WV,2
54097,Upshur County,WV,9
54099,Wayne County,WV,18
54101,Webster County,WV,11
54103,Wetzel County,WV,7
54105,Wirt County,WV,5
54107,Wood County,WV,6
54109,Wyoming County,WV,7
55001,Adams County,WI,64
55003,Ashland County,WI,83
55005,Barron County,WI,60
55007,Bayfield County,WI,82
55009,Brown County,WI,38
55011,Buffalo County,WI,67
55013,Burnett County,WI,85
55015,Calumet County,WI,47
55017,Chippewa County,WI,52
55019,Clark County,WI,29
55021,Columbia County,WI,82
55023,Crawford County,WI,57
55025,Dane County,WI,82
55027,Dodge County,WI,70
55029,Door County,WI,44
55031,Douglas County,WI,105
55033,Dunn County,WI,68
55035,Eau Claire County,WI,48
55037,Florence County,WI,55
55039,Fond du Lac County,WI,61
55041,Forest County,WI,57
55043,Grant County,WI,87
55045,Green County,WI,72
55047,Green Lake County,WI,56
55049,Iowa County,WI,69
55051,Iron County,WI,68
55053,Jackson County,WI,67
55055,Jefferson County,WI,71
55057,Juneau County,WI,64
55059,Kenosha County,WI,74
55061,Kewaunee County,WI,34
55063,La Crosse County,WI,48
55065,Lafayette County,WI,72
55067,Langlade County,WI,55
55069,Lincoln County,WI,61
55071,Manitowoc County,WI,40
55073,Marathon County,WI,39
55075,Marinette County,WI,53
55077,Marquette County,WI,58
55078,Menominee County,WI,36
55079,Milwaukee County,WI,74
55081,Monroe County,WI,64
55083,Oconto County,WI,51
55085,Oneida County,WI,64
55087,Outagamie County,WI,37
55089,Ozaukee County,WI,43
55091,Pepin County,WI,65
55093,Pierce County,WI,98
55095,Polk County,WI,95
55097,Portage County,WI,42
55099,Price County,WI,67
55101,Racine County,WI,70
55103,Richland County,WI,59
55105,Rock County,WI,70
55107,Rusk County,WI,57
55109,Saint Croix County,WI,62
55111,Sauk County,WI,82
55113,Sawyer County,WI,57
55115,Shawano County,WI,22
55117,Sheboygan County,WI,36
55119,Taylor County,WI,49
55121,Trempealeau County,WI,51
55123,Vernon County,WI,64
55125,Vilas County,WI,71
55127,Walworth County,WI,76
55129,Washburn County,WI,66
55131,Washington County,WI,60
55133,Waukesha County,WI,76
55135,Waupaca County,WI,36
55137,Waushara County,WI,54
55139,Winnebago County,WI,47
55141,Wood County,WI,41
56001,Albany County,WY,175
56003,Big Horn County,WY,125
56005,Campbell County,WY,159
56007,Carbon County,WY,175
56009,Converse County,WY,159
56011,Crook County,WY,144
56013,Fremont County,WY,161
56015,Goshen County,WY,158
56017,Hot Springs County,WY,111
56019,Johnson County,WY,134
56021,Laramie County,WY,141
56023,Lincoln County,WY,180
56025,Natrona County,WY,143
56027,Niobrara County,WY,158
56029,Park County,WY,135
56031,Platte County,WY,158
56033,Sheridan County,WY,125
56035,Sublette County,WY,166
56037,Sweetwater County,WY,169
56039,Teton County,WY,123
56041,Uinta County,WY,166
56043,Washakie County,WY,115
56045,Weston County,WY,158
72001,Adjuntas Municipio,PR,39
72003,Aguada Municipio,PR,24
72005,Aguadilla Municipio,PR,46
72007,Aguas Buenas Municipio,PR,56
72009,Aibonito Municipio,PR,107
72011,Anasco Municipio,PR,17
72013,Arecibo Municipio,PR,93
72015,Arroyo Municipio,PR,61
72017,Barceloneta Municipio,PR,40
72019,Barranquitas Municipio,PR,78
72021,Bayamon Municipio,PR,47
72023,Cabo Rojo Municipio,PR,61
72025,Caguas Municipio,PR,64
72027,Camuy Municipio,PR,89
72029,Canovanas Municipio,PR,67
72031,Carolina Municipio,PR,61
72033,Catano Municipio,PR,18
72035,Cayey Municipio,PR,113
72037,Ceiba Municipio,PR,21
72039,Ciales Municipio,PR,51
72041,Cidra Municipio,PR,91
72043,Coamo Municipio,PR,117
72045,Comerio Municipio,PR,75
72047,Corozal Municipio,PR,58
72049,Culebra Municipio,PR,7
72051,Dorado Municipio,PR,16
72053,Fajardo Municipio,PR,10
72054,Florida Municipio,PR,23
72055,Guanica Municipio,PR,95
72057,Guayama Municipio,PR,104
72059,Guayanilla Municipio,PR,105
72061,Guaynabo Municipio,PR,38
72063,Gurabo Municipio,PR,61
72065,Hatillo Municipio,PR,91
72067,Hormigueros Municipio,PR,2
72069,Humacao Municipio,PR,26
72071,Isabela Municipio,PR,64
72073,Jayuya Municipio,PR,29
72075,Juana Diaz Municipio,PR,91
72077,Juncos Municipio,PR,61
72079,Lajas Municipio,PR,77
72081,Lares Municipio,PR,76
72083,Las Marias Municipio,PR,8
72085,Las Piedras Municipio,PR,46
72087,Loiza Municipio,PR,38
72089,Luquillo Municipio,PR,18
72091,Manati Municipio,PR,35
72093,Maricao Municipio,PR,17
72095,Maunabo Municipio,PR,18
72097,Mayaguez Municipio,PR,10
72099,Moca Municipio,PR,45
72101,Morovis Municipio,PR,50
72103,Naguabo Municipio,PR,43
72105,Naranjito Municipio,PR,58
72107,Orocovis Municipio,PR,69
72109,Patillas Municipio,PR,50
72111,Penuelas Municipio,PR,87
72113,Ponce Municipio,PR,92
72115,Quebradillas Municipio,PR,64
72117,Rincon Municipio,PR,24
72119,Rio Grande Municipio,PR,64
72121,Sabana Grande Municipio,PR,43
72123,Salinas Municipio,PR,120
72125,San German Municipio,PR,21
72127,San Juan Municipio,PR,30
72129,San Lorenzo Municipio,PR,47
72131,San Sebastian Municipio,PR,51
72133,Santa Isabel Municipio,PR,101
72135,Toa Alta Municipio,PR,35
72137,Toa Baja Municipio,PR,18
72139,Trujillo Alto Municipio,PR,51
72141,Utuado Municipio,PR,81
72143,Vega Alta Municipio,PR,28
72145,Vega Baja Municipio,PR,30
72147,Vieques Municipio,PR,29
72149,Villalba Municipio,PR,62
72151,Yabucoa Municipio,PR,25
72153,Yauco Municipio,PR,105
